-9,22,acJp/YP/4OxSbUw8Fk47GT7wO1Y=,LLypieioPoGQ2fJJBfZRPBCBEnI=
-10,22,acJp/YP/4OxSbUw8Fk47GT7wO1Y=,LLypieioPoGQ2fJJBfZRPBCBEnI=
-10,21,acJp/YP/4OxSbUw8Fk47GT7wO1Y=,LLypieioPoGQ2fJJBfZRPBCBEnI=
-8,21,acJp/YP/4OxSbUw8Fk47GT7wO1Y=,yjnN5AOL8ME8/9656JD0R95tNuM=
-8,22,acJp/YP/4OxSbUw8Fk47GT7wO1Y=,yjnN5AOL8ME8/9656JD0R95tNuM=
-11,21,acJp/YP/4OxSbUw8Fk47GT7wO1Y=,LLypieioPoGQ2fJJBfZRPBCBEnI=
-11,22,acJp/YP/4OxSbUw8Fk47GT7wO1Y=,LLypieioPoGQ2fJJBfZRPBCBEnI=
-9,21,acJp/YP/4OxSbUw8Fk47GT7wO1Y=,LLypieioPoGQ2fJJBfZRPBCBEnI=
-13,22,1NqikQaijlQ3/dFrIzpEuDsAwT8=,LLypieioPoGQ2fJJBfZRPBCBEnI=
-15,21,1NqikQaijlQ3/dFrIzpEuDsAwT8=,LLypieioPoGQ2fJJBfZRPBCBEnI=
-14,23,B7b6P9c9vzu0sdEofKsF1l4tsn8=,LLypieioPoGQ2fJJBfZRPBCBEnI=
-14,22,1NqikQaijlQ3/dFrIzpEuDsAwT8=,LLypieioPoGQ2fJJBfZRPBCBEnI=
-15,23,B7b6P9c9vzu0sdEofKsF1l4tsn8=,LLypieioPoGQ2fJJBfZRPBCBEnI=
-12,22,1NqikQaijlQ3/dFrIzpEuDsAwT8=,LLypieioPoGQ2fJJBfZRPBCBEnI=
-12,21,1NqikQaijlQ3/dFrIzpEuDsAwT8=,LLypieioPoGQ2fJJBfZRPBCBEnI=
-15,22,1NqikQaijlQ3/dFrIzpEuDsAwT8=,LLypieioPoGQ2fJJBfZRPBCBEnI=
-13,21,1NqikQaijlQ3/dFrIzpEuDsAwT8=,LLypieioPoGQ2fJJBfZRPBCBEnI=
-14,21,1NqikQaijlQ3/dFrIzpEuDsAwT8=,LLypieioPoGQ2fJJBfZRPBCBEnI=
-16,21,B7b6P9c9vzu0sdEofKsF1l4tsn8=,LLypieioPoGQ2fJJBfZRPBCBEnI=
-16,23,B7b6P9c9vzu0sdEofKsF1l4tsn8=,LLypieioPoGQ2fJJBfZRPBCBEnI=
-16,22,B7b6P9c9vzu0sdEofKsF1l4tsn8=,LLypieioPoGQ2fJJBfZRPBCBEnI=
-10,20,1NqikQaijlQ3/dFrIzpEuDsAwT8=,LLypieioPoGQ2fJJBfZRPBCBEnI=
-9,17,1NqikQaijlQ3/dFrIzpEuDsAwT8=,LLypieioPoGQ2fJJBfZRPBCBEnI=
-11,16,fBKZuIC7VuwLa+HHGYy27hCNmRs=,LLypieioPoGQ2fJJBfZRPBCBEnI=
-10,16,fBKZuIC7VuwLa+HHGYy27hCNmRs=,LLypieioPoGQ2fJJBfZRPBCBEnI=
-8,20,1NqikQaijlQ3/dFrIzpEuDsAwT8=,yjnN5AOL8ME8/9656JD0R95tNuM=
-11,20,1NqikQaijlQ3/dFrIzpEuDsAwT8=,LLypieioPoGQ2fJJBfZRPBCBEnI=
-11,18,1NqikQaijlQ3/dFrIzpEuDsAwT8=,LLypieioPoGQ2fJJBfZRPBCBEnI=
-10,17,1NqikQaijlQ3/dFrIzpEuDsAwT8=,LLypieioPoGQ2fJJBfZRPBCBEnI=
-11,17,1NqikQaijlQ3/dFrIzpEuDsAwT8=,LLypieioPoGQ2fJJBfZRPBCBEnI=
-8,19,1NqikQaijlQ3/dFrIzpEuDsAwT8=,XDoW0Gly5NyFkelIEti+fBMF7og=
-8,18,1NqikQaijlQ3/dFrIzpEuDsAwT8=,XDoW0Gly5NyFkelIEti+fBMF7og=
-8,17,1NqikQaijlQ3/dFrIzpEuDsAwT8=,XDoW0Gly5NyFkelIEti+fBMF7og=
-10,19,1NqikQaijlQ3/dFrIzpEuDsAwT8=,LLypieioPoGQ2fJJBfZRPBCBEnI=
-11,19,1NqikQaijlQ3/dFrIzpEuDsAwT8=,LLypieioPoGQ2fJJBfZRPBCBEnI=
-9,20,1NqikQaijlQ3/dFrIzpEuDsAwT8=,LLypieioPoGQ2fJJBfZRPBCBEnI=
-9,19,1NqikQaijlQ3/dFrIzpEuDsAwT8=,LLypieioPoGQ2fJJBfZRPBCBEnI=
-9,18,1NqikQaijlQ3/dFrIzpEuDsAwT8=,LLypieioPoGQ2fJJBfZRPBCBEnI=
-10,18,1NqikQaijlQ3/dFrIzpEuDsAwT8=,LLypieioPoGQ2fJJBfZRPBCBEnI=
-8,16,fBKZuIC7VuwLa+HHGYy27hCNmRs=,XDoW0Gly5NyFkelIEti+fBMF7og=
-9,16,fBKZuIC7VuwLa+HHGYy27hCNmRs=,LLypieioPoGQ2fJJBfZRPBCBEnI=
-7,16,1NqikQaijlQ3/dFrIzpEuDsAwT8=,XDoW0Gly5NyFkelIEti+fBMF7og=
-6,16,1NqikQaijlQ3/dFrIzpEuDsAwT8=,XDoW0Gly5NyFkelIEti+fBMF7og=
-5,20,1NqikQaijlQ3/dFrIzpEuDsAwT8=,yjnN5AOL8ME8/9656JD0R95tNuM=
-3,17,1NqikQaijlQ3/dFrIzpEuDsAwT8=,ntFgbjZu+LQQkU4WTRnIlLUqVXQ=
-4,17,1NqikQaijlQ3/dFrIzpEuDsAwT8=,ntFgbjZu+LQQkU4WTRnIlLUqVXQ=
-5,19,1NqikQaijlQ3/dFrIzpEuDsAwT8=,XDoW0Gly5NyFkelIEti+fBMF7og=
-2,19,1NqikQaijlQ3/dFrIzpEuDsAwT8=,ntFgbjZu+LQQkU4WTRnIlLUqVXQ=
-3,19,1NqikQaijlQ3/dFrIzpEuDsAwT8=,ntFgbjZu+LQQkU4WTRnIlLUqVXQ=
-4,19,1NqikQaijlQ3/dFrIzpEuDsAwT8=,ntFgbjZu+LQQkU4WTRnIlLUqVXQ=
-5,18,1NqikQaijlQ3/dFrIzpEuDsAwT8=,XDoW0Gly5NyFkelIEti+fBMF7og=
-5,17,1NqikQaijlQ3/dFrIzpEuDsAwT8=,XDoW0Gly5NyFkelIEti+fBMF7og=
-3,20,1NqikQaijlQ3/dFrIzpEuDsAwT8=,yjnN5AOL8ME8/9656JD0R95tNuM=
-3,18,1NqikQaijlQ3/dFrIzpEuDsAwT8=,ntFgbjZu+LQQkU4WTRnIlLUqVXQ=
-4,20,1NqikQaijlQ3/dFrIzpEuDsAwT8=,yjnN5AOL8ME8/9656JD0R95tNuM=
-2,18,1NqikQaijlQ3/dFrIzpEuDsAwT8=,ntFgbjZu+LQQkU4WTRnIlLUqVXQ=
-4,18,1NqikQaijlQ3/dFrIzpEuDsAwT8=,ntFgbjZu+LQQkU4WTRnIlLUqVXQ=
-2,20,1NqikQaijlQ3/dFrIzpEuDsAwT8=,yjnN5AOL8ME8/9656JD0R95tNuM=
-2,17,1NqikQaijlQ3/dFrIzpEuDsAwT8=,ntFgbjZu+LQQkU4WTRnIlLUqVXQ=
-1,17,B7b6P9c9vzu0sdEofKsF1l4tsn8=,ntFgbjZu+LQQkU4WTRnIlLUqVXQ=
-1,18,B7b6P9c9vzu0sdEofKsF1l4tsn8=,ntFgbjZu+LQQkU4WTRnIlLUqVXQ=
-1,20,B7b6P9c9vzu0sdEofKsF1l4tsn8=,yjnN5AOL8ME8/9656JD0R95tNuM=
-1,22,B7b6P9c9vzu0sdEofKsF1l4tsn8=,yjnN5AOL8ME8/9656JD0R95tNuM=
-1,19,B7b6P9c9vzu0sdEofKsF1l4tsn8=,ntFgbjZu+LQQkU4WTRnIlLUqVXQ=
-1,21,B7b6P9c9vzu0sdEofKsF1l4tsn8=,yjnN5AOL8ME8/9656JD0R95tNuM=
-12,23,B7b6P9c9vzu0sdEofKsF1l4tsn8=,LLypieioPoGQ2fJJBfZRPBCBEnI=
-10,23,B7b6P9c9vzu0sdEofKsF1l4tsn8=,LLypieioPoGQ2fJJBfZRPBCBEnI=
-9,23,B7b6P9c9vzu0sdEofKsF1l4tsn8=,LLypieioPoGQ2fJJBfZRPBCBEnI=
-11,23,B7b6P9c9vzu0sdEofKsF1l4tsn8=,LLypieioPoGQ2fJJBfZRPBCBEnI=
-13,23,B7b6P9c9vzu0sdEofKsF1l4tsn8=,LLypieioPoGQ2fJJBfZRPBCBEnI=
-8,23,B7b6P9c9vzu0sdEofKsF1l4tsn8=,yjnN5AOL8ME8/9656JD0R95tNuM=
-12,20,53Z4Za5ow7WV7IrCS96YdIX8G2s=,LLypieioPoGQ2fJJBfZRPBCBEnI=
-13,19,53Z4Za5ow7WV7IrCS96YdIX8G2s=,LLypieioPoGQ2fJJBfZRPBCBEnI=
-12,16,fBKZuIC7VuwLa+HHGYy27hCNmRs=,LLypieioPoGQ2fJJBfZRPBCBEnI=
-13,17,fBKZuIC7VuwLa+HHGYy27hCNmRs=,LLypieioPoGQ2fJJBfZRPBCBEnI=
-14,18,53Z4Za5ow7WV7IrCS96YdIX8G2s=,LLypieioPoGQ2fJJBfZRPBCBEnI=
-14,17,fBKZuIC7VuwLa+HHGYy27hCNmRs=,LLypieioPoGQ2fJJBfZRPBCBEnI=
-13,20,53Z4Za5ow7WV7IrCS96YdIX8G2s=,LLypieioPoGQ2fJJBfZRPBCBEnI=
-12,19,53Z4Za5ow7WV7IrCS96YdIX8G2s=,LLypieioPoGQ2fJJBfZRPBCBEnI=
-12,18,53Z4Za5ow7WV7IrCS96YdIX8G2s=,LLypieioPoGQ2fJJBfZRPBCBEnI=
-1,23,B7b6P9c9vzu0sdEofKsF1l4tsn8=,yjnN5AOL8ME8/9656JD0R95tNuM=
-14,19,53Z4Za5ow7WV7IrCS96YdIX8G2s=,LLypieioPoGQ2fJJBfZRPBCBEnI=
-13,16,fBKZuIC7VuwLa+HHGYy27hCNmRs=,LLypieioPoGQ2fJJBfZRPBCBEnI=
-13,18,53Z4Za5ow7WV7IrCS96YdIX8G2s=,LLypieioPoGQ2fJJBfZRPBCBEnI=
-14,20,53Z4Za5ow7WV7IrCS96YdIX8G2s=,LLypieioPoGQ2fJJBfZRPBCBEnI=
-12,17,fBKZuIC7VuwLa+HHGYy27hCNmRs=,LLypieioPoGQ2fJJBfZRPBCBEnI=
-14,16,fBKZuIC7VuwLa+HHGYy27hCNmRs=,LLypieioPoGQ2fJJBfZRPBCBEnI=
-5,16,B7b6P9c9vzu0sdEofKsF1l4tsn8=,XDoW0Gly5NyFkelIEti+fBMF7og=
-2,16,B7b6P9c9vzu0sdEofKsF1l4tsn8=,ntFgbjZu+LQQkU4WTRnIlLUqVXQ=
-3,16,B7b6P9c9vzu0sdEofKsF1l4tsn8=,ntFgbjZu+LQQkU4WTRnIlLUqVXQ=
-4,16,B7b6P9c9vzu0sdEofKsF1l4tsn8=,ntFgbjZu+LQQkU4WTRnIlLUqVXQ=
-1,16,fBKZuIC7VuwLa+HHGYy27hCNmRs=,ntFgbjZu+LQQkU4WTRnIlLUqVXQ=
-16,20,B7b6P9c9vzu0sdEofKsF1l4tsn8=,LLypieioPoGQ2fJJBfZRPBCBEnI=
-15,20,B7b6P9c9vzu0sdEofKsF1l4tsn8=,LLypieioPoGQ2fJJBfZRPBCBEnI=
-16,16,fBKZuIC7VuwLa+HHGYy27hCNmRs=,LLypieioPoGQ2fJJBfZRPBCBEnI=
-16,19,B7b6P9c9vzu0sdEofKsF1l4tsn8=,LLypieioPoGQ2fJJBfZRPBCBEnI=
-15,19,B7b6P9c9vzu0sdEofKsF1l4tsn8=,LLypieioPoGQ2fJJBfZRPBCBEnI=
-16,18,B7b6P9c9vzu0sdEofKsF1l4tsn8=,LLypieioPoGQ2fJJBfZRPBCBEnI=
-16,17,fBKZuIC7VuwLa+HHGYy27hCNmRs=,LLypieioPoGQ2fJJBfZRPBCBEnI=
-15,16,fBKZuIC7VuwLa+HHGYy27hCNmRs=,LLypieioPoGQ2fJJBfZRPBCBEnI=
-15,18,B7b6P9c9vzu0sdEofKsF1l4tsn8=,LLypieioPoGQ2fJJBfZRPBCBEnI=
-15,17,fBKZuIC7VuwLa+HHGYy27hCNmRs=,LLypieioPoGQ2fJJBfZRPBCBEnI=
-4,3,3kn1p5rMMkyRdFLreCL+Y6STfnw=,RodFCBi725519GrKT4LxtANlUZU=
-3,2,3kn1p5rMMkyRdFLreCL+Y6STfnw=,RodFCBi725519GrKT4LxtANlUZU=
-3,3,3kn1p5rMMkyRdFLreCL+Y6STfnw=,RodFCBi725519GrKT4LxtANlUZU=
-3,4,3kn1p5rMMkyRdFLreCL+Y6STfnw=,2hKzrpVHYliHDM0b14EtwJ2mJ8k=
-4,5,3kn1p5rMMkyRdFLreCL+Y6STfnw=,2hKzrpVHYliHDM0b14EtwJ2mJ8k=
-3,5,3kn1p5rMMkyRdFLreCL+Y6STfnw=,2hKzrpVHYliHDM0b14EtwJ2mJ8k=
-6,5,3kn1p5rMMkyRdFLreCL+Y6STfnw=,XL++BAElqu/WybXZjHuKwkppfj0=
-6,2,3kn1p5rMMkyRdFLreCL+Y6STfnw=,2hKzrpVHYliHDM0b14EtwJ2mJ8k=
-5,3,3kn1p5rMMkyRdFLreCL+Y6STfnw=,2hKzrpVHYliHDM0b14EtwJ2mJ8k=
-4,2,3kn1p5rMMkyRdFLreCL+Y6STfnw=,RodFCBi725519GrKT4LxtANlUZU=
-6,4,3kn1p5rMMkyRdFLreCL+Y6STfnw=,XL++BAElqu/WybXZjHuKwkppfj0=
-4,4,3kn1p5rMMkyRdFLreCL+Y6STfnw=,2hKzrpVHYliHDM0b14EtwJ2mJ8k=
-5,4,3kn1p5rMMkyRdFLreCL+Y6STfnw=,XL++BAElqu/WybXZjHuKwkppfj0=
-5,5,3kn1p5rMMkyRdFLreCL+Y6STfnw=,XL++BAElqu/WybXZjHuKwkppfj0=
-6,3,3kn1p5rMMkyRdFLreCL+Y6STfnw=,2hKzrpVHYliHDM0b14EtwJ2mJ8k=
-5,2,3kn1p5rMMkyRdFLreCL+Y6STfnw=,2hKzrpVHYliHDM0b14EtwJ2mJ8k=
-3,6,CPDFNHnhN0cNw+wCQyJ+NfIWAHw=,2hKzrpVHYliHDM0b14EtwJ2mJ8k=
-6,8,CPDFNHnhN0cNw+wCQyJ+NfIWAHw=,XL++BAElqu/WybXZjHuKwkppfj0=
-5,7,pJJC6kXlREAEKZDCHwuQ/ij3hzo=,XL++BAElqu/WybXZjHuKwkppfj0=
-3,7,pJJC6kXlREAEKZDCHwuQ/ij3hzo=,2hKzrpVHYliHDM0b14EtwJ2mJ8k=
-3,9,CPDFNHnhN0cNw+wCQyJ+NfIWAHw=,XL++BAElqu/WybXZjHuKwkppfj0=
-4,7,CPDFNHnhN0cNw+wCQyJ+NfIWAHw=,2hKzrpVHYliHDM0b14EtwJ2mJ8k=
-6,6,pJJC6kXlREAEKZDCHwuQ/ij3hzo=,XL++BAElqu/WybXZjHuKwkppfj0=
-6,7,CPDFNHnhN0cNw+wCQyJ+NfIWAHw=,XL++BAElqu/WybXZjHuKwkppfj0=
-5,6,pJJC6kXlREAEKZDCHwuQ/ij3hzo=,XL++BAElqu/WybXZjHuKwkppfj0=
-5,8,CPDFNHnhN0cNw+wCQyJ+NfIWAHw=,XL++BAElqu/WybXZjHuKwkppfj0=
-6,9,CPDFNHnhN0cNw+wCQyJ+NfIWAHw=,XL++BAElqu/WybXZjHuKwkppfj0=
-4,9,CPDFNHnhN0cNw+wCQyJ+NfIWAHw=,XL++BAElqu/WybXZjHuKwkppfj0=
-4,8,CPDFNHnhN0cNw+wCQyJ+NfIWAHw=,XL++BAElqu/WybXZjHuKwkppfj0=
-5,9,CPDFNHnhN0cNw+wCQyJ+NfIWAHw=,XL++BAElqu/WybXZjHuKwkppfj0=
-3,8,CPDFNHnhN0cNw+wCQyJ+NfIWAHw=,XL++BAElqu/WybXZjHuKwkppfj0=
-4,6,CPDFNHnhN0cNw+wCQyJ+NfIWAHw=,2hKzrpVHYliHDM0b14EtwJ2mJ8k=
-9,9,CPDFNHnhN0cNw+wCQyJ+NfIWAHw=,XL++BAElqu/WybXZjHuKwkppfj0=
-7,9,CPDFNHnhN0cNw+wCQyJ+NfIWAHw=,XL++BAElqu/WybXZjHuKwkppfj0=
-10,8,pJJC6kXlREAEKZDCHwuQ/ij3hzo=,XL++BAElqu/WybXZjHuKwkppfj0=
-8,6,pJJC6kXlREAEKZDCHwuQ/ij3hzo=,XL++BAElqu/WybXZjHuKwkppfj0=
-7,6,pJJC6kXlREAEKZDCHwuQ/ij3hzo=,XL++BAElqu/WybXZjHuKwkppfj0=
-8,8,pJJC6kXlREAEKZDCHwuQ/ij3hzo=,XL++BAElqu/WybXZjHuKwkppfj0=
-7,7,CPDFNHnhN0cNw+wCQyJ+NfIWAHw=,XL++BAElqu/WybXZjHuKwkppfj0=
-7,8,CPDFNHnhN0cNw+wCQyJ+NfIWAHw=,XL++BAElqu/WybXZjHuKwkppfj0=
-10,9,pJJC6kXlREAEKZDCHwuQ/ij3hzo=,XL++BAElqu/WybXZjHuKwkppfj0=
-9,7,CPDFNHnhN0cNw+wCQyJ+NfIWAHw=,XL++BAElqu/WybXZjHuKwkppfj0=
-9,6,pJJC6kXlREAEKZDCHwuQ/ij3hzo=,XL++BAElqu/WybXZjHuKwkppfj0=
-9,8,pJJC6kXlREAEKZDCHwuQ/ij3hzo=,XL++BAElqu/WybXZjHuKwkppfj0=
-10,7,pJJC6kXlREAEKZDCHwuQ/ij3hzo=,XL++BAElqu/WybXZjHuKwkppfj0=
-8,7,CPDFNHnhN0cNw+wCQyJ+NfIWAHw=,XL++BAElqu/WybXZjHuKwkppfj0=
-8,9,CPDFNHnhN0cNw+wCQyJ+NfIWAHw=,XL++BAElqu/WybXZjHuKwkppfj0=
-10,6,pJJC6kXlREAEKZDCHwuQ/ij3hzo=,XL++BAElqu/WybXZjHuKwkppfj0=
-11,14,eQP3F0/3GMfni/bqIYxF0iTbRzg=,LLypieioPoGQ2fJJBfZRPBCBEnI=
-10,14,eQP3F0/3GMfni/bqIYxF0iTbRzg=,LLypieioPoGQ2fJJBfZRPBCBEnI=
-14,1,t1Yq5BC2lI1JUNzDOyIAekTcS0c=,HBmaXjqYJfu4KVElCyvuuAvYD0c=
-14,2,t1Yq5BC2lI1JUNzDOyIAekTcS0c=,HBmaXjqYJfu4KVElCyvuuAvYD0c=
-15,1,t1Yq5BC2lI1JUNzDOyIAekTcS0c=,HBmaXjqYJfu4KVElCyvuuAvYD0c=
-15,2,t1Yq5BC2lI1JUNzDOyIAekTcS0c=,HBmaXjqYJfu4KVElCyvuuAvYD0c=
-16,1,WxC+0j7f5g1IG4PPEFVQVNVvB7Q=,HBmaXjqYJfu4KVElCyvuuAvYD0c=
-16,2,WxC+0j7f5g1IG4PPEFVQVNVvB7Q=,HBmaXjqYJfu4KVElCyvuuAvYD0c=
-16,3,t6UgnsRhyYN+/z2tzAnauRPAmrs=,HBmaXjqYJfu4KVElCyvuuAvYD0c=
-14,3,n0CN7fsliaDmJy6buzheGdu5SKY=,HBmaXjqYJfu4KVElCyvuuAvYD0c=
-15,3,n0CN7fsliaDmJy6buzheGdu5SKY=,HBmaXjqYJfu4KVElCyvuuAvYD0c=
-13,3,n0CN7fsliaDmJy6buzheGdu5SKY=,HBmaXjqYJfu4KVElCyvuuAvYD0c=
-11,4,WxC+0j7f5g1IG4PPEFVQVNVvB7Q=,XL++BAElqu/WybXZjHuKwkppfj0=
-13,2,WxC+0j7f5g1IG4PPEFVQVNVvB7Q=,HBmaXjqYJfu4KVElCyvuuAvYD0c=
-12,4,n0CN7fsliaDmJy6buzheGdu5SKY=,XL++BAElqu/WybXZjHuKwkppfj0=
-10,4,FUkiQwG2VKscMKh9mbmA5tlCYcY=,XL++BAElqu/WybXZjHuKwkppfj0=
-13,4,n0CN7fsliaDmJy6buzheGdu5SKY=,XL++BAElqu/WybXZjHuKwkppfj0=
-9,4,FUkiQwG2VKscMKh9mbmA5tlCYcY=,XL++BAElqu/WybXZjHuKwkppfj0=
-10,2,FUkiQwG2VKscMKh9mbmA5tlCYcY=,HBmaXjqYJfu4KVElCyvuuAvYD0c=
-12,5,n0CN7fsliaDmJy6buzheGdu5SKY=,XL++BAElqu/WybXZjHuKwkppfj0=
-13,5,WxC+0j7f5g1IG4PPEFVQVNVvB7Q=,XL++BAElqu/WybXZjHuKwkppfj0=
-7,5,FUkiQwG2VKscMKh9mbmA5tlCYcY=,XL++BAElqu/WybXZjHuKwkppfj0=
-8,4,FUkiQwG2VKscMKh9mbmA5tlCYcY=,XL++BAElqu/WybXZjHuKwkppfj0=
-8,3,FUkiQwG2VKscMKh9mbmA5tlCYcY=,2hKzrpVHYliHDM0b14EtwJ2mJ8k=
-7,2,FUkiQwG2VKscMKh9mbmA5tlCYcY=,2hKzrpVHYliHDM0b14EtwJ2mJ8k=
-10,5,FUkiQwG2VKscMKh9mbmA5tlCYcY=,XL++BAElqu/WybXZjHuKwkppfj0=
-14,4,WxC+0j7f5g1IG4PPEFVQVNVvB7Q=,XL++BAElqu/WybXZjHuKwkppfj0=
-11,5,n0CN7fsliaDmJy6buzheGdu5SKY=,XL++BAElqu/WybXZjHuKwkppfj0=
-9,2,FUkiQwG2VKscMKh9mbmA5tlCYcY=,HBmaXjqYJfu4KVElCyvuuAvYD0c=
-14,5,WxC+0j7f5g1IG4PPEFVQVNVvB7Q=,XL++BAElqu/WybXZjHuKwkppfj0=
-7,4,FUkiQwG2VKscMKh9mbmA5tlCYcY=,XL++BAElqu/WybXZjHuKwkppfj0=
-12,3,WxC+0j7f5g1IG4PPEFVQVNVvB7Q=,HBmaXjqYJfu4KVElCyvuuAvYD0c=
-11,3,WxC+0j7f5g1IG4PPEFVQVNVvB7Q=,HBmaXjqYJfu4KVElCyvuuAvYD0c=
-7,3,FUkiQwG2VKscMKh9mbmA5tlCYcY=,2hKzrpVHYliHDM0b14EtwJ2mJ8k=
-9,5,FUkiQwG2VKscMKh9mbmA5tlCYcY=,XL++BAElqu/WybXZjHuKwkppfj0=
-8,2,FUkiQwG2VKscMKh9mbmA5tlCYcY=,2hKzrpVHYliHDM0b14EtwJ2mJ8k=
-11,2,WxC+0j7f5g1IG4PPEFVQVNVvB7Q=,HBmaXjqYJfu4KVElCyvuuAvYD0c=
-9,3,FUkiQwG2VKscMKh9mbmA5tlCYcY=,HBmaXjqYJfu4KVElCyvuuAvYD0c=
-8,5,FUkiQwG2VKscMKh9mbmA5tlCYcY=,XL++BAElqu/WybXZjHuKwkppfj0=
-12,2,WxC+0j7f5g1IG4PPEFVQVNVvB7Q=,HBmaXjqYJfu4KVElCyvuuAvYD0c=
-10,3,FUkiQwG2VKscMKh9mbmA5tlCYcY=,HBmaXjqYJfu4KVElCyvuuAvYD0c=
-14,0,Hhwn/Kft0on0SkvDRJidDIua0po=,HBmaXjqYJfu4KVElCyvuuAvYD0c=
-16,0,Hhwn/Kft0on0SkvDRJidDIua0po=,HBmaXjqYJfu4KVElCyvuuAvYD0c=
-15,0,Hhwn/Kft0on0SkvDRJidDIua0po=,HBmaXjqYJfu4KVElCyvuuAvYD0c=
-13,0,kQGUydhe7MGPLURo9frIP4NgTQo=,HBmaXjqYJfu4KVElCyvuuAvYD0c=
-13,1,kQGUydhe7MGPLURo9frIP4NgTQo=,HBmaXjqYJfu4KVElCyvuuAvYD0c=
-12,1,kQGUydhe7MGPLURo9frIP4NgTQo=,HBmaXjqYJfu4KVElCyvuuAvYD0c=
-11,1,kQGUydhe7MGPLURo9frIP4NgTQo=,HBmaXjqYJfu4KVElCyvuuAvYD0c=
-11,0,kQGUydhe7MGPLURo9frIP4NgTQo=,HBmaXjqYJfu4KVElCyvuuAvYD0c=
-12,0,kQGUydhe7MGPLURo9frIP4NgTQo=,HBmaXjqYJfu4KVElCyvuuAvYD0c=
-12,8,n0CN7fsliaDmJy6buzheGdu5SKY=,XL++BAElqu/WybXZjHuKwkppfj0=
-13,8,n0CN7fsliaDmJy6buzheGdu5SKY=,2hKzrpVHYliHDM0b14EtwJ2mJ8k=
-11,9,WxC+0j7f5g1IG4PPEFVQVNVvB7Q=,XL++BAElqu/WybXZjHuKwkppfj0=
-11,7,WxC+0j7f5g1IG4PPEFVQVNVvB7Q=,XL++BAElqu/WybXZjHuKwkppfj0=
-14,7,WxC+0j7f5g1IG4PPEFVQVNVvB7Q=,XL++BAElqu/WybXZjHuKwkppfj0=
-11,6,WxC+0j7f5g1IG4PPEFVQVNVvB7Q=,XL++BAElqu/WybXZjHuKwkppfj0=
-11,8,WxC+0j7f5g1IG4PPEFVQVNVvB7Q=,XL++BAElqu/WybXZjHuKwkppfj0=
-13,6,n0CN7fsliaDmJy6buzheGdu5SKY=,XL++BAElqu/WybXZjHuKwkppfj0=
-12,6,n0CN7fsliaDmJy6buzheGdu5SKY=,XL++BAElqu/WybXZjHuKwkppfj0=
-14,6,WxC+0j7f5g1IG4PPEFVQVNVvB7Q=,XL++BAElqu/WybXZjHuKwkppfj0=
-13,9,WxC+0j7f5g1IG4PPEFVQVNVvB7Q=,2hKzrpVHYliHDM0b14EtwJ2mJ8k=
-14,8,WxC+0j7f5g1IG4PPEFVQVNVvB7Q=,2hKzrpVHYliHDM0b14EtwJ2mJ8k=
-12,7,WxC+0j7f5g1IG4PPEFVQVNVvB7Q=,XL++BAElqu/WybXZjHuKwkppfj0=
-13,7,WxC+0j7f5g1IG4PPEFVQVNVvB7Q=,XL++BAElqu/WybXZjHuKwkppfj0=
-12,9,WxC+0j7f5g1IG4PPEFVQVNVvB7Q=,XL++BAElqu/WybXZjHuKwkppfj0=
-14,9,WxC+0j7f5g1IG4PPEFVQVNVvB7Q=,2hKzrpVHYliHDM0b14EtwJ2mJ8k=
-11,15,t6UgnsRhyYN+/z2tzAnauRPAmrs=,LLypieioPoGQ2fJJBfZRPBCBEnI=
-10,15,t6UgnsRhyYN+/z2tzAnauRPAmrs=,LLypieioPoGQ2fJJBfZRPBCBEnI=
-13,10,WxC+0j7f5g1IG4PPEFVQVNVvB7Q=,2hKzrpVHYliHDM0b14EtwJ2mJ8k=
-11,13,WxC+0j7f5g1IG4PPEFVQVNVvB7Q=,LLypieioPoGQ2fJJBfZRPBCBEnI=
-11,10,WxC+0j7f5g1IG4PPEFVQVNVvB7Q=,XL++BAElqu/WybXZjHuKwkppfj0=
-11,11,WxC+0j7f5g1IG4PPEFVQVNVvB7Q=,XL++BAElqu/WybXZjHuKwkppfj0=
-14,10,WxC+0j7f5g1IG4PPEFVQVNVvB7Q=,2hKzrpVHYliHDM0b14EtwJ2mJ8k=
-12,12,WxC+0j7f5g1IG4PPEFVQVNVvB7Q=,LLypieioPoGQ2fJJBfZRPBCBEnI=
-13,15,gyMlYj7Yk6G3zP/9/Gb+WrtwiDk=,LLypieioPoGQ2fJJBfZRPBCBEnI=
-12,13,WxC+0j7f5g1IG4PPEFVQVNVvB7Q=,LLypieioPoGQ2fJJBfZRPBCBEnI=
-12,11,n0CN7fsliaDmJy6buzheGdu5SKY=,XL++BAElqu/WybXZjHuKwkppfj0=
-12,10,WxC+0j7f5g1IG4PPEFVQVNVvB7Q=,XL++BAElqu/WybXZjHuKwkppfj0=
-14,15,gyMlYj7Yk6G3zP/9/Gb+WrtwiDk=,LLypieioPoGQ2fJJBfZRPBCBEnI=
-12,14,gyMlYj7Yk6G3zP/9/Gb+WrtwiDk=,LLypieioPoGQ2fJJBfZRPBCBEnI=
-13,14,gyMlYj7Yk6G3zP/9/Gb+WrtwiDk=,LLypieioPoGQ2fJJBfZRPBCBEnI=
-13,11,WxC+0j7f5g1IG4PPEFVQVNVvB7Q=,2hKzrpVHYliHDM0b14EtwJ2mJ8k=
-13,12,n0CN7fsliaDmJy6buzheGdu5SKY=,LLypieioPoGQ2fJJBfZRPBCBEnI=
-11,12,WxC+0j7f5g1IG4PPEFVQVNVvB7Q=,LLypieioPoGQ2fJJBfZRPBCBEnI=
-14,11,WxC+0j7f5g1IG4PPEFVQVNVvB7Q=,2hKzrpVHYliHDM0b14EtwJ2mJ8k=
-14,12,n0CN7fsliaDmJy6buzheGdu5SKY=,LLypieioPoGQ2fJJBfZRPBCBEnI=
-14,13,WxC+0j7f5g1IG4PPEFVQVNVvB7Q=,LLypieioPoGQ2fJJBfZRPBCBEnI=
-12,15,gyMlYj7Yk6G3zP/9/Gb+WrtwiDk=,LLypieioPoGQ2fJJBfZRPBCBEnI=
-13,13,n0CN7fsliaDmJy6buzheGdu5SKY=,LLypieioPoGQ2fJJBfZRPBCBEnI=
-14,14,gyMlYj7Yk6G3zP/9/Gb+WrtwiDk=,LLypieioPoGQ2fJJBfZRPBCBEnI=
-9,1,kQGUydhe7MGPLURo9frIP4NgTQo=,HBmaXjqYJfu4KVElCyvuuAvYD0c=
-10,1,kQGUydhe7MGPLURo9frIP4NgTQo=,HBmaXjqYJfu4KVElCyvuuAvYD0c=
-8,1,kQGUydhe7MGPLURo9frIP4NgTQo=,2hKzrpVHYliHDM0b14EtwJ2mJ8k=
-7,1,kQGUydhe7MGPLURo9frIP4NgTQo=,2hKzrpVHYliHDM0b14EtwJ2mJ8k=
-8,0,kQGUydhe7MGPLURo9frIP4NgTQo=,2hKzrpVHYliHDM0b14EtwJ2mJ8k=
-10,0,kQGUydhe7MGPLURo9frIP4NgTQo=,HBmaXjqYJfu4KVElCyvuuAvYD0c=
-9,0,kQGUydhe7MGPLURo9frIP4NgTQo=,HBmaXjqYJfu4KVElCyvuuAvYD0c=
-7,0,kQGUydhe7MGPLURo9frIP4NgTQo=,2hKzrpVHYliHDM0b14EtwJ2mJ8k=
-4,0,+T1gKK3Yvx4tYXJzWC7DP+5Dj/8=,RodFCBi725519GrKT4LxtANlUZU=
-3,0,+T1gKK3Yvx4tYXJzWC7DP+5Dj/8=,RodFCBi725519GrKT4LxtANlUZU=
-3,1,+T1gKK3Yvx4tYXJzWC7DP+5Dj/8=,RodFCBi725519GrKT4LxtANlUZU=
-5,0,kQGUydhe7MGPLURo9frIP4NgTQo=,2hKzrpVHYliHDM0b14EtwJ2mJ8k=
-6,0,+T1gKK3Yvx4tYXJzWC7DP+5Dj/8=,2hKzrpVHYliHDM0b14EtwJ2mJ8k=
-5,1,+T1gKK3Yvx4tYXJzWC7DP+5Dj/8=,2hKzrpVHYliHDM0b14EtwJ2mJ8k=
-6,1,kQGUydhe7MGPLURo9frIP4NgTQo=,2hKzrpVHYliHDM0b14EtwJ2mJ8k=
-4,1,kQGUydhe7MGPLURo9frIP4NgTQo=,RodFCBi725519GrKT4LxtANlUZU=
-8,15,Hhwn/Kft0on0SkvDRJidDIua0po=,XDoW0Gly5NyFkelIEti+fBMF7og=
-6,14,igWXsdKxDxoMxpHs+x4feXthiXc=,XDoW0Gly5NyFkelIEti+fBMF7og=
-7,14,igWXsdKxDxoMxpHs+x4feXthiXc=,XDoW0Gly5NyFkelIEti+fBMF7og=
-8,14,igWXsdKxDxoMxpHs+x4feXthiXc=,XDoW0Gly5NyFkelIEti+fBMF7og=
-6,13,igWXsdKxDxoMxpHs+x4feXthiXc=,XDoW0Gly5NyFkelIEti+fBMF7og=
-7,13,igWXsdKxDxoMxpHs+x4feXthiXc=,XDoW0Gly5NyFkelIEti+fBMF7og=
-8,13,igWXsdKxDxoMxpHs+x4feXthiXc=,XDoW0Gly5NyFkelIEti+fBMF7og=
-6,12,pJJC6kXlREAEKZDCHwuQ/ij3hzo=,XDoW0Gly5NyFkelIEti+fBMF7og=
-9,15,Hhwn/Kft0on0SkvDRJidDIua0po=,LLypieioPoGQ2fJJBfZRPBCBEnI=
-7,12,pJJC6kXlREAEKZDCHwuQ/ij3hzo=,XDoW0Gly5NyFkelIEti+fBMF7og=
-9,14,igWXsdKxDxoMxpHs+x4feXthiXc=,LLypieioPoGQ2fJJBfZRPBCBEnI=
-6,11,pJJC6kXlREAEKZDCHwuQ/ij3hzo=,XL++BAElqu/WybXZjHuKwkppfj0=
-7,15,Hhwn/Kft0on0SkvDRJidDIua0po=,XDoW0Gly5NyFkelIEti+fBMF7og=
-9,13,pJJC6kXlREAEKZDCHwuQ/ij3hzo=,LLypieioPoGQ2fJJBfZRPBCBEnI=
-10,13,pJJC6kXlREAEKZDCHwuQ/ij3hzo=,LLypieioPoGQ2fJJBfZRPBCBEnI=
-6,15,Hhwn/Kft0on0SkvDRJidDIua0po=,XDoW0Gly5NyFkelIEti+fBMF7og=
-7,11,pJJC6kXlREAEKZDCHwuQ/ij3hzo=,XL++BAElqu/WybXZjHuKwkppfj0=
-9,11,CPDFNHnhN0cNw+wCQyJ+NfIWAHw=,XL++BAElqu/WybXZjHuKwkppfj0=
-7,10,pJJC6kXlREAEKZDCHwuQ/ij3hzo=,XL++BAElqu/WybXZjHuKwkppfj0=
-8,11,pJJC6kXlREAEKZDCHwuQ/ij3hzo=,XL++BAElqu/WybXZjHuKwkppfj0=
-8,12,pJJC6kXlREAEKZDCHwuQ/ij3hzo=,XDoW0Gly5NyFkelIEti+fBMF7og=
-9,12,pJJC6kXlREAEKZDCHwuQ/ij3hzo=,LLypieioPoGQ2fJJBfZRPBCBEnI=
-9,10,CPDFNHnhN0cNw+wCQyJ+NfIWAHw=,XL++BAElqu/WybXZjHuKwkppfj0=
-10,11,pJJC6kXlREAEKZDCHwuQ/ij3hzo=,XL++BAElqu/WybXZjHuKwkppfj0=
-10,12,pJJC6kXlREAEKZDCHwuQ/ij3hzo=,LLypieioPoGQ2fJJBfZRPBCBEnI=
-8,10,pJJC6kXlREAEKZDCHwuQ/ij3hzo=,XL++BAElqu/WybXZjHuKwkppfj0=
-10,10,CPDFNHnhN0cNw+wCQyJ+NfIWAHw=,XL++BAElqu/WybXZjHuKwkppfj0=
-4,12,pJJC6kXlREAEKZDCHwuQ/ij3hzo=,ntFgbjZu+LQQkU4WTRnIlLUqVXQ=
-5,14,pJJC6kXlREAEKZDCHwuQ/ij3hzo=,XDoW0Gly5NyFkelIEti+fBMF7og=
-3,15,CPDFNHnhN0cNw+wCQyJ+NfIWAHw=,ntFgbjZu+LQQkU4WTRnIlLUqVXQ=
-4,15,Hhwn/Kft0on0SkvDRJidDIua0po=,ntFgbjZu+LQQkU4WTRnIlLUqVXQ=
-5,13,pJJC6kXlREAEKZDCHwuQ/ij3hzo=,XDoW0Gly5NyFkelIEti+fBMF7og=
-5,12,CPDFNHnhN0cNw+wCQyJ+NfIWAHw=,XDoW0Gly5NyFkelIEti+fBMF7og=
-3,14,pJJC6kXlREAEKZDCHwuQ/ij3hzo=,ntFgbjZu+LQQkU4WTRnIlLUqVXQ=
-4,11,CPDFNHnhN0cNw+wCQyJ+NfIWAHw=,XL++BAElqu/WybXZjHuKwkppfj0=
-4,14,pJJC6kXlREAEKZDCHwuQ/ij3hzo=,ntFgbjZu+LQQkU4WTRnIlLUqVXQ=
-4,13,pJJC6kXlREAEKZDCHwuQ/ij3hzo=,ntFgbjZu+LQQkU4WTRnIlLUqVXQ=
-3,13,pJJC6kXlREAEKZDCHwuQ/ij3hzo=,ntFgbjZu+LQQkU4WTRnIlLUqVXQ=
-5,15,Hhwn/Kft0on0SkvDRJidDIua0po=,XDoW0Gly5NyFkelIEti+fBMF7og=
-5,11,CPDFNHnhN0cNw+wCQyJ+NfIWAHw=,XL++BAElqu/WybXZjHuKwkppfj0=
-3,12,CPDFNHnhN0cNw+wCQyJ+NfIWAHw=,ntFgbjZu+LQQkU4WTRnIlLUqVXQ=
-3,11,CPDFNHnhN0cNw+wCQyJ+NfIWAHw=,XL++BAElqu/WybXZjHuKwkppfj0=
-4,10,CPDFNHnhN0cNw+wCQyJ+NfIWAHw=,XL++BAElqu/WybXZjHuKwkppfj0=
-3,10,CPDFNHnhN0cNw+wCQyJ+NfIWAHw=,XL++BAElqu/WybXZjHuKwkppfj0=
-5,10,CPDFNHnhN0cNw+wCQyJ+NfIWAHw=,XL++BAElqu/WybXZjHuKwkppfj0=
-6,10,CPDFNHnhN0cNw+wCQyJ+NfIWAHw=,XL++BAElqu/WybXZjHuKwkppfj0=
-2,12,CPDFNHnhN0cNw+wCQyJ+NfIWAHw=,ntFgbjZu+LQQkU4WTRnIlLUqVXQ=
-1,11,CPDFNHnhN0cNw+wCQyJ+NfIWAHw=,XL++BAElqu/WybXZjHuKwkppfj0=
-1,12,CPDFNHnhN0cNw+wCQyJ+NfIWAHw=,ntFgbjZu+LQQkU4WTRnIlLUqVXQ=
-2,10,CPDFNHnhN0cNw+wCQyJ+NfIWAHw=,XL++BAElqu/WybXZjHuKwkppfj0=
-2,11,CPDFNHnhN0cNw+wCQyJ+NfIWAHw=,XL++BAElqu/WybXZjHuKwkppfj0=
-2,13,CPDFNHnhN0cNw+wCQyJ+NfIWAHw=,ntFgbjZu+LQQkU4WTRnIlLUqVXQ=
-1,13,CPDFNHnhN0cNw+wCQyJ+NfIWAHw=,ntFgbjZu+LQQkU4WTRnIlLUqVXQ=
-1,10,CPDFNHnhN0cNw+wCQyJ+NfIWAHw=,XL++BAElqu/WybXZjHuKwkppfj0=
-1,9,Hhwn/Kft0on0SkvDRJidDIua0po=,XL++BAElqu/WybXZjHuKwkppfj0=
-2,8,Hhwn/Kft0on0SkvDRJidDIua0po=,XL++BAElqu/WybXZjHuKwkppfj0=
-2,9,Hhwn/Kft0on0SkvDRJidDIua0po=,XL++BAElqu/WybXZjHuKwkppfj0=
-1,8,Hhwn/Kft0on0SkvDRJidDIua0po=,XL++BAElqu/WybXZjHuKwkppfj0=
-1,4,Hhwn/Kft0on0SkvDRJidDIua0po=,2hKzrpVHYliHDM0b14EtwJ2mJ8k=
-1,3,Hhwn/Kft0on0SkvDRJidDIua0po=,RodFCBi725519GrKT4LxtANlUZU=
-1,7,Hhwn/Kft0on0SkvDRJidDIua0po=,2hKzrpVHYliHDM0b14EtwJ2mJ8k=
-1,5,Hhwn/Kft0on0SkvDRJidDIua0po=,2hKzrpVHYliHDM0b14EtwJ2mJ8k=
-2,5,Hhwn/Kft0on0SkvDRJidDIua0po=,2hKzrpVHYliHDM0b14EtwJ2mJ8k=
-2,3,Hhwn/Kft0on0SkvDRJidDIua0po=,RodFCBi725519GrKT4LxtANlUZU=
-2,4,Hhwn/Kft0on0SkvDRJidDIua0po=,2hKzrpVHYliHDM0b14EtwJ2mJ8k=
-2,2,Hhwn/Kft0on0SkvDRJidDIua0po=,RodFCBi725519GrKT4LxtANlUZU=
-2,7,Hhwn/Kft0on0SkvDRJidDIua0po=,2hKzrpVHYliHDM0b14EtwJ2mJ8k=
-2,6,Hhwn/Kft0on0SkvDRJidDIua0po=,2hKzrpVHYliHDM0b14EtwJ2mJ8k=
-1,2,Hhwn/Kft0on0SkvDRJidDIua0po=,RodFCBi725519GrKT4LxtANlUZU=
-1,6,Hhwn/Kft0on0SkvDRJidDIua0po=,2hKzrpVHYliHDM0b14EtwJ2mJ8k=
-2,15,Hhwn/Kft0on0SkvDRJidDIua0po=,ntFgbjZu+LQQkU4WTRnIlLUqVXQ=
-2,14,Hhwn/Kft0on0SkvDRJidDIua0po=,ntFgbjZu+LQQkU4WTRnIlLUqVXQ=
-1,15,Hhwn/Kft0on0SkvDRJidDIua0po=,ntFgbjZu+LQQkU4WTRnIlLUqVXQ=
-1,14,Hhwn/Kft0on0SkvDRJidDIua0po=,ntFgbjZu+LQQkU4WTRnIlLUqVXQ=
-1,1,+T1gKK3Yvx4tYXJzWC7DP+5Dj/8=,RodFCBi725519GrKT4LxtANlUZU=
-2,1,+T1gKK3Yvx4tYXJzWC7DP+5Dj/8=,RodFCBi725519GrKT4LxtANlUZU=
-2,0,+T1gKK3Yvx4tYXJzWC7DP+5Dj/8=,RodFCBi725519GrKT4LxtANlUZU=
-1,0,+T1gKK3Yvx4tYXJzWC7DP+5Dj/8=,RodFCBi725519GrKT4LxtANlUZU=
-16,10,t6UgnsRhyYN+/z2tzAnauRPAmrs=,2hKzrpVHYliHDM0b14EtwJ2mJ8k=
-15,14,kQGUydhe7MGPLURo9frIP4NgTQo=,LLypieioPoGQ2fJJBfZRPBCBEnI=
-15,15,kQGUydhe7MGPLURo9frIP4NgTQo=,LLypieioPoGQ2fJJBfZRPBCBEnI=
-16,14,kQGUydhe7MGPLURo9frIP4NgTQo=,LLypieioPoGQ2fJJBfZRPBCBEnI=
-15,10,t6UgnsRhyYN+/z2tzAnauRPAmrs=,2hKzrpVHYliHDM0b14EtwJ2mJ8k=
-16,13,t6UgnsRhyYN+/z2tzAnauRPAmrs=,LLypieioPoGQ2fJJBfZRPBCBEnI=
-16,12,t6UgnsRhyYN+/z2tzAnauRPAmrs=,LLypieioPoGQ2fJJBfZRPBCBEnI=
-15,13,t6UgnsRhyYN+/z2tzAnauRPAmrs=,LLypieioPoGQ2fJJBfZRPBCBEnI=
-16,11,t6UgnsRhyYN+/z2tzAnauRPAmrs=,2hKzrpVHYliHDM0b14EtwJ2mJ8k=
-16,15,kQGUydhe7MGPLURo9frIP4NgTQo=,LLypieioPoGQ2fJJBfZRPBCBEnI=
-15,12,t6UgnsRhyYN+/z2tzAnauRPAmrs=,LLypieioPoGQ2fJJBfZRPBCBEnI=
-15,11,t6UgnsRhyYN+/z2tzAnauRPAmrs=,2hKzrpVHYliHDM0b14EtwJ2mJ8k=
-16,4,t6UgnsRhyYN+/z2tzAnauRPAmrs=,XL++BAElqu/WybXZjHuKwkppfj0=
-15,4,t6UgnsRhyYN+/z2tzAnauRPAmrs=,XL++BAElqu/WybXZjHuKwkppfj0=
-15,7,t6UgnsRhyYN+/z2tzAnauRPAmrs=,XL++BAElqu/WybXZjHuKwkppfj0=
-15,6,t6UgnsRhyYN+/z2tzAnauRPAmrs=,XL++BAElqu/WybXZjHuKwkppfj0=
-16,6,t6UgnsRhyYN+/z2tzAnauRPAmrs=,XL++BAElqu/WybXZjHuKwkppfj0=
-16,5,t6UgnsRhyYN+/z2tzAnauRPAmrs=,XL++BAElqu/WybXZjHuKwkppfj0=
-16,7,t6UgnsRhyYN+/z2tzAnauRPAmrs=,XL++BAElqu/WybXZjHuKwkppfj0=
-16,9,t6UgnsRhyYN+/z2tzAnauRPAmrs=,2hKzrpVHYliHDM0b14EtwJ2mJ8k=
-15,9,t6UgnsRhyYN+/z2tzAnauRPAmrs=,2hKzrpVHYliHDM0b14EtwJ2mJ8k=
-15,8,t6UgnsRhyYN+/z2tzAnauRPAmrs=,2hKzrpVHYliHDM0b14EtwJ2mJ8k=
-16,8,t6UgnsRhyYN+/z2tzAnauRPAmrs=,2hKzrpVHYliHDM0b14EtwJ2mJ8k=
-15,5,t6UgnsRhyYN+/z2tzAnauRPAmrs=,XL++BAElqu/WybXZjHuKwkppfj0=
-19,1,fiKkB5iJtaNOQGY8gGu5sBUnhJs=,XL++BAElqu/WybXZjHuKwkppfj0=
-17,2,fiKkB5iJtaNOQGY8gGu5sBUnhJs=,XL++BAElqu/WybXZjHuKwkppfj0=
-19,2,fiKkB5iJtaNOQGY8gGu5sBUnhJs=,XL++BAElqu/WybXZjHuKwkppfj0=
-17,1,fiKkB5iJtaNOQGY8gGu5sBUnhJs=,XL++BAElqu/WybXZjHuKwkppfj0=
-18,2,fiKkB5iJtaNOQGY8gGu5sBUnhJs=,XL++BAElqu/WybXZjHuKwkppfj0=
-18,1,fiKkB5iJtaNOQGY8gGu5sBUnhJs=,XL++BAElqu/WybXZjHuKwkppfj0=
-21,2,fiKkB5iJtaNOQGY8gGu5sBUnhJs=,XL++BAElqu/WybXZjHuKwkppfj0=
-20,1,fiKkB5iJtaNOQGY8gGu5sBUnhJs=,XL++BAElqu/WybXZjHuKwkppfj0=
-20,2,fiKkB5iJtaNOQGY8gGu5sBUnhJs=,XL++BAElqu/WybXZjHuKwkppfj0=
-23,1,fiKkB5iJtaNOQGY8gGu5sBUnhJs=,XL++BAElqu/WybXZjHuKwkppfj0=
-22,1,fiKkB5iJtaNOQGY8gGu5sBUnhJs=,XL++BAElqu/WybXZjHuKwkppfj0=
-21,1,fiKkB5iJtaNOQGY8gGu5sBUnhJs=,XL++BAElqu/WybXZjHuKwkppfj0=
-23,2,fiKkB5iJtaNOQGY8gGu5sBUnhJs=,XL++BAElqu/WybXZjHuKwkppfj0=
-22,2,fiKkB5iJtaNOQGY8gGu5sBUnhJs=,XL++BAElqu/WybXZjHuKwkppfj0=
-23,9,6eXmPCzQXS8YuUyrVijzrjM3eoU=,XL++BAElqu/WybXZjHuKwkppfj0=
-23,10,6eXmPCzQXS8YuUyrVijzrjM3eoU=,XL++BAElqu/WybXZjHuKwkppfj0=
-19,3,6eXmPCzQXS8YuUyrVijzrjM3eoU=,XL++BAElqu/WybXZjHuKwkppfj0=
-18,3,6eXmPCzQXS8YuUyrVijzrjM3eoU=,XL++BAElqu/WybXZjHuKwkppfj0=
-23,3,6eXmPCzQXS8YuUyrVijzrjM3eoU=,XL++BAElqu/WybXZjHuKwkppfj0=
-23,8,6eXmPCzQXS8YuUyrVijzrjM3eoU=,XL++BAElqu/WybXZjHuKwkppfj0=
-20,3,6eXmPCzQXS8YuUyrVijzrjM3eoU=,XL++BAElqu/WybXZjHuKwkppfj0=
-22,3,6eXmPCzQXS8YuUyrVijzrjM3eoU=,XL++BAElqu/WybXZjHuKwkppfj0=
-21,3,6eXmPCzQXS8YuUyrVijzrjM3eoU=,XL++BAElqu/WybXZjHuKwkppfj0=
-20,4,6eXmPCzQXS8YuUyrVijzrjM3eoU=,XL++BAElqu/WybXZjHuKwkppfj0=
-22,5,6eXmPCzQXS8YuUyrVijzrjM3eoU=,XL++BAElqu/WybXZjHuKwkppfj0=
-21,5,6eXmPCzQXS8YuUyrVijzrjM3eoU=,XL++BAElqu/WybXZjHuKwkppfj0=
-20,5,6eXmPCzQXS8YuUyrVijzrjM3eoU=,XL++BAElqu/WybXZjHuKwkppfj0=
-22,4,6eXmPCzQXS8YuUyrVijzrjM3eoU=,XL++BAElqu/WybXZjHuKwkppfj0=
-19,4,6eXmPCzQXS8YuUyrVijzrjM3eoU=,XL++BAElqu/WybXZjHuKwkppfj0=
-19,5,6eXmPCzQXS8YuUyrVijzrjM3eoU=,XL++BAElqu/WybXZjHuKwkppfj0=
-21,4,6eXmPCzQXS8YuUyrVijzrjM3eoU=,XL++BAElqu/WybXZjHuKwkppfj0=
-27,1,B5EP3mlzyevyWgv1ZrbL5LiTd8k=,XL++BAElqu/WybXZjHuKwkppfj0=
-24,2,B5EP3mlzyevyWgv1ZrbL5LiTd8k=,XL++BAElqu/WybXZjHuKwkppfj0=
-24,1,B5EP3mlzyevyWgv1ZrbL5LiTd8k=,XL++BAElqu/WybXZjHuKwkppfj0=
-25,2,B5EP3mlzyevyWgv1ZrbL5LiTd8k=,XL++BAElqu/WybXZjHuKwkppfj0=
-27,2,B5EP3mlzyevyWgv1ZrbL5LiTd8k=,XL++BAElqu/WybXZjHuKwkppfj0=
-25,1,B5EP3mlzyevyWgv1ZrbL5LiTd8k=,XL++BAElqu/WybXZjHuKwkppfj0=
-26,1,B5EP3mlzyevyWgv1ZrbL5LiTd8k=,XL++BAElqu/WybXZjHuKwkppfj0=
-26,2,B5EP3mlzyevyWgv1ZrbL5LiTd8k=,XL++BAElqu/WybXZjHuKwkppfj0=
-24,9,B5EP3mlzyevyWgv1ZrbL5LiTd8k=,XL++BAElqu/WybXZjHuKwkppfj0=
-26,11,B5EP3mlzyevyWgv1ZrbL5LiTd8k=,XL++BAElqu/WybXZjHuKwkppfj0=
-27,11,B5EP3mlzyevyWgv1ZrbL5LiTd8k=,XL++BAElqu/WybXZjHuKwkppfj0=
-25,10,B5EP3mlzyevyWgv1ZrbL5LiTd8k=,XL++BAElqu/WybXZjHuKwkppfj0=
-27,10,B5EP3mlzyevyWgv1ZrbL5LiTd8k=,XL++BAElqu/WybXZjHuKwkppfj0=
-26,10,B5EP3mlzyevyWgv1ZrbL5LiTd8k=,XL++BAElqu/WybXZjHuKwkppfj0=
-25,9,B5EP3mlzyevyWgv1ZrbL5LiTd8k=,XL++BAElqu/WybXZjHuKwkppfj0=
-26,9,B5EP3mlzyevyWgv1ZrbL5LiTd8k=,XL++BAElqu/WybXZjHuKwkppfj0=
-27,9,B5EP3mlzyevyWgv1ZrbL5LiTd8k=,XL++BAElqu/WybXZjHuKwkppfj0=
-26,12,B5EP3mlzyevyWgv1ZrbL5LiTd8k=,yjnN5AOL8ME8/9656JD0R95tNuM=
-24,10,B5EP3mlzyevyWgv1ZrbL5LiTd8k=,XL++BAElqu/WybXZjHuKwkppfj0=
-27,12,B5EP3mlzyevyWgv1ZrbL5LiTd8k=,yjnN5AOL8ME8/9656JD0R95tNuM=
-21,7,B5EP3mlzyevyWgv1ZrbL5LiTd8k=,XL++BAElqu/WybXZjHuKwkppfj0=
-19,6,B5EP3mlzyevyWgv1ZrbL5LiTd8k=,XL++BAElqu/WybXZjHuKwkppfj0=
-19,7,B5EP3mlzyevyWgv1ZrbL5LiTd8k=,XL++BAElqu/WybXZjHuKwkppfj0=
-22,6,B5EP3mlzyevyWgv1ZrbL5LiTd8k=,XL++BAElqu/WybXZjHuKwkppfj0=
-20,6,B5EP3mlzyevyWgv1ZrbL5LiTd8k=,XL++BAElqu/WybXZjHuKwkppfj0=
-22,7,B5EP3mlzyevyWgv1ZrbL5LiTd8k=,XL++BAElqu/WybXZjHuKwkppfj0=
-21,6,B5EP3mlzyevyWgv1ZrbL5LiTd8k=,XL++BAElqu/WybXZjHuKwkppfj0=
-22,9,B5EP3mlzyevyWgv1ZrbL5LiTd8k=,XL++BAElqu/WybXZjHuKwkppfj0=
-22,8,B5EP3mlzyevyWgv1ZrbL5LiTd8k=,XL++BAElqu/WybXZjHuKwkppfj0=
-20,8,B5EP3mlzyevyWgv1ZrbL5LiTd8k=,XL++BAElqu/WybXZjHuKwkppfj0=
-20,7,B5EP3mlzyevyWgv1ZrbL5LiTd8k=,XL++BAElqu/WybXZjHuKwkppfj0=
-21,8,B5EP3mlzyevyWgv1ZrbL5LiTd8k=,XL++BAElqu/WybXZjHuKwkppfj0=
-19,9,B5EP3mlzyevyWgv1ZrbL5LiTd8k=,XL++BAElqu/WybXZjHuKwkppfj0=
-20,9,B5EP3mlzyevyWgv1ZrbL5LiTd8k=,XL++BAElqu/WybXZjHuKwkppfj0=
-21,9,B5EP3mlzyevyWgv1ZrbL5LiTd8k=,XL++BAElqu/WybXZjHuKwkppfj0=
-19,8,B5EP3mlzyevyWgv1ZrbL5LiTd8k=,XL++BAElqu/WybXZjHuKwkppfj0=
-23,13,pkGatq5iB0YqH1KlLa2GledD6R0=,LLypieioPoGQ2fJJBfZRPBCBEnI=
-24,14,pkGatq5iB0YqH1KlLa2GledD6R0=,LLypieioPoGQ2fJJBfZRPBCBEnI=
-25,14,pkGatq5iB0YqH1KlLa2GledD6R0=,yjnN5AOL8ME8/9656JD0R95tNuM=
-24,13,pkGatq5iB0YqH1KlLa2GledD6R0=,LLypieioPoGQ2fJJBfZRPBCBEnI=
-23,14,pkGatq5iB0YqH1KlLa2GledD6R0=,LLypieioPoGQ2fJJBfZRPBCBEnI=
-25,11,pkGatq5iB0YqH1KlLa2GledD6R0=,XL++BAElqu/WybXZjHuKwkppfj0=
-22,14,pkGatq5iB0YqH1KlLa2GledD6R0=,LLypieioPoGQ2fJJBfZRPBCBEnI=
-25,13,pkGatq5iB0YqH1KlLa2GledD6R0=,yjnN5AOL8ME8/9656JD0R95tNuM=
-23,12,pkGatq5iB0YqH1KlLa2GledD6R0=,LLypieioPoGQ2fJJBfZRPBCBEnI=
-25,12,pkGatq5iB0YqH1KlLa2GledD6R0=,yjnN5AOL8ME8/9656JD0R95tNuM=
-24,12,pkGatq5iB0YqH1KlLa2GledD6R0=,LLypieioPoGQ2fJJBfZRPBCBEnI=
-24,11,pkGatq5iB0YqH1KlLa2GledD6R0=,XL++BAElqu/WybXZjHuKwkppfj0=
-23,11,pkGatq5iB0YqH1KlLa2GledD6R0=,XL++BAElqu/WybXZjHuKwkppfj0=
-24,3,pkGatq5iB0YqH1KlLa2GledD6R0=,XL++BAElqu/WybXZjHuKwkppfj0=
-25,3,pkGatq5iB0YqH1KlLa2GledD6R0=,XL++BAElqu/WybXZjHuKwkppfj0=
-26,3,pkGatq5iB0YqH1KlLa2GledD6R0=,XL++BAElqu/WybXZjHuKwkppfj0=
-24,8,pkGatq5iB0YqH1KlLa2GledD6R0=,XL++BAElqu/WybXZjHuKwkppfj0=
-27,3,pkGatq5iB0YqH1KlLa2GledD6R0=,XL++BAElqu/WybXZjHuKwkppfj0=
-25,8,pkGatq5iB0YqH1KlLa2GledD6R0=,XL++BAElqu/WybXZjHuKwkppfj0=
-24,7,pkGatq5iB0YqH1KlLa2GledD6R0=,XL++BAElqu/WybXZjHuKwkppfj0=
-24,5,pkGatq5iB0YqH1KlLa2GledD6R0=,XL++BAElqu/WybXZjHuKwkppfj0=
-24,6,pkGatq5iB0YqH1KlLa2GledD6R0=,XL++BAElqu/WybXZjHuKwkppfj0=
-23,6,pkGatq5iB0YqH1KlLa2GledD6R0=,XL++BAElqu/WybXZjHuKwkppfj0=
-26,8,pkGatq5iB0YqH1KlLa2GledD6R0=,XL++BAElqu/WybXZjHuKwkppfj0=
-24,4,pkGatq5iB0YqH1KlLa2GledD6R0=,XL++BAElqu/WybXZjHuKwkppfj0=
-27,8,pkGatq5iB0YqH1KlLa2GledD6R0=,XL++BAElqu/WybXZjHuKwkppfj0=
-23,4,pkGatq5iB0YqH1KlLa2GledD6R0=,XL++BAElqu/WybXZjHuKwkppfj0=
-23,5,pkGatq5iB0YqH1KlLa2GledD6R0=,XL++BAElqu/WybXZjHuKwkppfj0=
-25,6,pkGatq5iB0YqH1KlLa2GledD6R0=,XL++BAElqu/WybXZjHuKwkppfj0=
-25,7,pkGatq5iB0YqH1KlLa2GledD6R0=,XL++BAElqu/WybXZjHuKwkppfj0=
-26,4,pkGatq5iB0YqH1KlLa2GledD6R0=,XL++BAElqu/WybXZjHuKwkppfj0=
-26,7,pkGatq5iB0YqH1KlLa2GledD6R0=,XL++BAElqu/WybXZjHuKwkppfj0=
-26,6,pkGatq5iB0YqH1KlLa2GledD6R0=,XL++BAElqu/WybXZjHuKwkppfj0=
-25,5,pkGatq5iB0YqH1KlLa2GledD6R0=,XL++BAElqu/WybXZjHuKwkppfj0=
-25,4,pkGatq5iB0YqH1KlLa2GledD6R0=,XL++BAElqu/WybXZjHuKwkppfj0=
-26,5,pkGatq5iB0YqH1KlLa2GledD6R0=,XL++BAElqu/WybXZjHuKwkppfj0=
-23,7,pkGatq5iB0YqH1KlLa2GledD6R0=,XL++BAElqu/WybXZjHuKwkppfj0=
-31,12,qTP2hnPUe9nCYL3MbqnQ+ZGwFlI=,nyeRefqTJVVjeK1ei6OqXYJS6Ks=
-29,11,qTP2hnPUe9nCYL3MbqnQ+ZGwFlI=,XL++BAElqu/WybXZjHuKwkppfj0=
-28,11,qTP2hnPUe9nCYL3MbqnQ+ZGwFlI=,XL++BAElqu/WybXZjHuKwkppfj0=
-31,11,qTP2hnPUe9nCYL3MbqnQ+ZGwFlI=,XL++BAElqu/WybXZjHuKwkppfj0=
-28,10,qTP2hnPUe9nCYL3MbqnQ+ZGwFlI=,XL++BAElqu/WybXZjHuKwkppfj0=
-29,10,qTP2hnPUe9nCYL3MbqnQ+ZGwFlI=,XL++BAElqu/WybXZjHuKwkppfj0=
-30,10,qTP2hnPUe9nCYL3MbqnQ+ZGwFlI=,XL++BAElqu/WybXZjHuKwkppfj0=
-30,11,qTP2hnPUe9nCYL3MbqnQ+ZGwFlI=,XL++BAElqu/WybXZjHuKwkppfj0=
-28,9,qTP2hnPUe9nCYL3MbqnQ+ZGwFlI=,XL++BAElqu/WybXZjHuKwkppfj0=
-29,12,qTP2hnPUe9nCYL3MbqnQ+ZGwFlI=,nyeRefqTJVVjeK1ei6OqXYJS6Ks=
-30,9,qTP2hnPUe9nCYL3MbqnQ+ZGwFlI=,XL++BAElqu/WybXZjHuKwkppfj0=
-29,9,qTP2hnPUe9nCYL3MbqnQ+ZGwFlI=,XL++BAElqu/WybXZjHuKwkppfj0=
-28,12,qTP2hnPUe9nCYL3MbqnQ+ZGwFlI=,yjnN5AOL8ME8/9656JD0R95tNuM=
-31,9,qTP2hnPUe9nCYL3MbqnQ+ZGwFlI=,XL++BAElqu/WybXZjHuKwkppfj0=
-30,12,qTP2hnPUe9nCYL3MbqnQ+ZGwFlI=,nyeRefqTJVVjeK1ei6OqXYJS6Ks=
-31,10,qTP2hnPUe9nCYL3MbqnQ+ZGwFlI=,XL++BAElqu/WybXZjHuKwkppfj0=
-19,12,qTP2hnPUe9nCYL3MbqnQ+ZGwFlI=,LLypieioPoGQ2fJJBfZRPBCBEnI=
-21,11,qTP2hnPUe9nCYL3MbqnQ+ZGwFlI=,XL++BAElqu/WybXZjHuKwkppfj0=
-20,13,qTP2hnPUe9nCYL3MbqnQ+ZGwFlI=,LLypieioPoGQ2fJJBfZRPBCBEnI=
-22,10,qTP2hnPUe9nCYL3MbqnQ+ZGwFlI=,XL++BAElqu/WybXZjHuKwkppfj0=
-19,10,qTP2hnPUe9nCYL3MbqnQ+ZGwFlI=,XL++BAElqu/WybXZjHuKwkppfj0=
-21,13,qTP2hnPUe9nCYL3MbqnQ+ZGwFlI=,LLypieioPoGQ2fJJBfZRPBCBEnI=
-22,13,qTP2hnPUe9nCYL3MbqnQ+ZGwFlI=,LLypieioPoGQ2fJJBfZRPBCBEnI=
-20,10,qTP2hnPUe9nCYL3MbqnQ+ZGwFlI=,XL++BAElqu/WybXZjHuKwkppfj0=
-20,11,qTP2hnPUe9nCYL3MbqnQ+ZGwFlI=,XL++BAElqu/WybXZjHuKwkppfj0=
-19,13,qTP2hnPUe9nCYL3MbqnQ+ZGwFlI=,LLypieioPoGQ2fJJBfZRPBCBEnI=
-21,12,qTP2hnPUe9nCYL3MbqnQ+ZGwFlI=,LLypieioPoGQ2fJJBfZRPBCBEnI=
-21,10,qTP2hnPUe9nCYL3MbqnQ+ZGwFlI=,XL++BAElqu/WybXZjHuKwkppfj0=
-22,12,CqslyGj90ub0S2B0ElRlBugZ/3c=,LLypieioPoGQ2fJJBfZRPBCBEnI=
-22,11,CqslyGj90ub0S2B0ElRlBugZ/3c=,XL++BAElqu/WybXZjHuKwkppfj0=
-20,12,CqslyGj90ub0S2B0ElRlBugZ/3c=,LLypieioPoGQ2fJJBfZRPBCBEnI=
-19,11,CqslyGj90ub0S2B0ElRlBugZ/3c=,XL++BAElqu/WybXZjHuKwkppfj0=
-29,8,CqslyGj90ub0S2B0ElRlBugZ/3c=,XL++BAElqu/WybXZjHuKwkppfj0=
-28,8,CqslyGj90ub0S2B0ElRlBugZ/3c=,XL++BAElqu/WybXZjHuKwkppfj0=
-30,8,CqslyGj90ub0S2B0ElRlBugZ/3c=,XL++BAElqu/WybXZjHuKwkppfj0=
-31,8,CqslyGj90ub0S2B0ElRlBugZ/3c=,XL++BAElqu/WybXZjHuKwkppfj0=
-28,7,CqslyGj90ub0S2B0ElRlBugZ/3c=,XL++BAElqu/WybXZjHuKwkppfj0=
-27,7,CqslyGj90ub0S2B0ElRlBugZ/3c=,XL++BAElqu/WybXZjHuKwkppfj0=
-27,6,CqslyGj90ub0S2B0ElRlBugZ/3c=,XL++BAElqu/WybXZjHuKwkppfj0=
-30,6,CqslyGj90ub0S2B0ElRlBugZ/3c=,XL++BAElqu/WybXZjHuKwkppfj0=
-29,7,CqslyGj90ub0S2B0ElRlBugZ/3c=,XL++BAElqu/WybXZjHuKwkppfj0=
-28,6,CqslyGj90ub0S2B0ElRlBugZ/3c=,XL++BAElqu/WybXZjHuKwkppfj0=
-29,6,CqslyGj90ub0S2B0ElRlBugZ/3c=,XL++BAElqu/WybXZjHuKwkppfj0=
-30,2,CqslyGj90ub0S2B0ElRlBugZ/3c=,XL++BAElqu/WybXZjHuKwkppfj0=
-29,2,CqslyGj90ub0S2B0ElRlBugZ/3c=,XL++BAElqu/WybXZjHuKwkppfj0=
-29,3,CqslyGj90ub0S2B0ElRlBugZ/3c=,XL++BAElqu/WybXZjHuKwkppfj0=
-28,3,CqslyGj90ub0S2B0ElRlBugZ/3c=,XL++BAElqu/WybXZjHuKwkppfj0=
-31,2,CqslyGj90ub0S2B0ElRlBugZ/3c=,XL++BAElqu/WybXZjHuKwkppfj0=
-29,1,CqslyGj90ub0S2B0ElRlBugZ/3c=,XL++BAElqu/WybXZjHuKwkppfj0=
-30,1,CqslyGj90ub0S2B0ElRlBugZ/3c=,XL++BAElqu/WybXZjHuKwkppfj0=
-30,0,CqslyGj90ub0S2B0ElRlBugZ/3c=,XL++BAElqu/WybXZjHuKwkppfj0=
-31,0,CqslyGj90ub0S2B0ElRlBugZ/3c=,XL++BAElqu/WybXZjHuKwkppfj0=
-30,7,CqslyGj90ub0S2B0ElRlBugZ/3c=,XL++BAElqu/WybXZjHuKwkppfj0=
-31,1,CqslyGj90ub0S2B0ElRlBugZ/3c=,XL++BAElqu/WybXZjHuKwkppfj0=
-28,4,CqslyGj90ub0S2B0ElRlBugZ/3c=,XL++BAElqu/WybXZjHuKwkppfj0=
-28,2,CqslyGj90ub0S2B0ElRlBugZ/3c=,XL++BAElqu/WybXZjHuKwkppfj0=
-28,1,CqslyGj90ub0S2B0ElRlBugZ/3c=,XL++BAElqu/WybXZjHuKwkppfj0=
-27,5,CqslyGj90ub0S2B0ElRlBugZ/3c=,XL++BAElqu/WybXZjHuKwkppfj0=
-30,3,CqslyGj90ub0S2B0ElRlBugZ/3c=,XL++BAElqu/WybXZjHuKwkppfj0=
-28,5,CqslyGj90ub0S2B0ElRlBugZ/3c=,XL++BAElqu/WybXZjHuKwkppfj0=
-29,5,CqslyGj90ub0S2B0ElRlBugZ/3c=,XL++BAElqu/WybXZjHuKwkppfj0=
-31,3,CqslyGj90ub0S2B0ElRlBugZ/3c=,XL++BAElqu/WybXZjHuKwkppfj0=
-30,5,CqslyGj90ub0S2B0ElRlBugZ/3c=,XL++BAElqu/WybXZjHuKwkppfj0=
-27,4,CqslyGj90ub0S2B0ElRlBugZ/3c=,XL++BAElqu/WybXZjHuKwkppfj0=
-30,4,CqslyGj90ub0S2B0ElRlBugZ/3c=,XL++BAElqu/WybXZjHuKwkppfj0=
-29,4,CqslyGj90ub0S2B0ElRlBugZ/3c=,XL++BAElqu/WybXZjHuKwkppfj0=
-32,2,OATO6/H/uyjH8DUbi5F85INy4gQ=,XL++BAElqu/WybXZjHuKwkppfj0=
-32,1,OATO6/H/uyjH8DUbi5F85INy4gQ=,XL++BAElqu/WybXZjHuKwkppfj0=
-32,3,pN5GknduFnqFnR070zCOcv5VXE4=,XL++BAElqu/WybXZjHuKwkppfj0=
-31,4,pN5GknduFnqFnR070zCOcv5VXE4=,XL++BAElqu/WybXZjHuKwkppfj0=
-32,4,pN5GknduFnqFnR070zCOcv5VXE4=,XL++BAElqu/WybXZjHuKwkppfj0=
-32,5,pN5GknduFnqFnR070zCOcv5VXE4=,XL++BAElqu/WybXZjHuKwkppfj0=
-31,5,pN5GknduFnqFnR070zCOcv5VXE4=,XL++BAElqu/WybXZjHuKwkppfj0=
-31,15,pN5GknduFnqFnR070zCOcv5VXE4=,nyeRefqTJVVjeK1ei6OqXYJS6Ks=
-30,15,pN5GknduFnqFnR070zCOcv5VXE4=,nyeRefqTJVVjeK1ei6OqXYJS6Ks=
-18,11,pN5GknduFnqFnR070zCOcv5VXE4=,XL++BAElqu/WybXZjHuKwkppfj0=
-17,11,pN5GknduFnqFnR070zCOcv5VXE4=,XL++BAElqu/WybXZjHuKwkppfj0=
-18,13,pN5GknduFnqFnR070zCOcv5VXE4=,LLypieioPoGQ2fJJBfZRPBCBEnI=
-17,12,pN5GknduFnqFnR070zCOcv5VXE4=,LLypieioPoGQ2fJJBfZRPBCBEnI=
-17,10,pN5GknduFnqFnR070zCOcv5VXE4=,XL++BAElqu/WybXZjHuKwkppfj0=
-18,12,pN5GknduFnqFnR070zCOcv5VXE4=,LLypieioPoGQ2fJJBfZRPBCBEnI=
-17,13,pN5GknduFnqFnR070zCOcv5VXE4=,LLypieioPoGQ2fJJBfZRPBCBEnI=
-32,11,pN5GknduFnqFnR070zCOcv5VXE4=,XL++BAElqu/WybXZjHuKwkppfj0=
-32,12,pN5GknduFnqFnR070zCOcv5VXE4=,nyeRefqTJVVjeK1ei6OqXYJS6Ks=
-32,8,pN5GknduFnqFnR070zCOcv5VXE4=,XL++BAElqu/WybXZjHuKwkppfj0=
-32,10,pN5GknduFnqFnR070zCOcv5VXE4=,XL++BAElqu/WybXZjHuKwkppfj0=
-32,9,pN5GknduFnqFnR070zCOcv5VXE4=,XL++BAElqu/WybXZjHuKwkppfj0=
-18,10,pN5GknduFnqFnR070zCOcv5VXE4=,XL++BAElqu/WybXZjHuKwkppfj0=
-32,7,pN5GknduFnqFnR070zCOcv5VXE4=,XL++BAElqu/WybXZjHuKwkppfj0=
-31,7,pN5GknduFnqFnR070zCOcv5VXE4=,XL++BAElqu/WybXZjHuKwkppfj0=
-31,6,pN5GknduFnqFnR070zCOcv5VXE4=,XL++BAElqu/WybXZjHuKwkppfj0=
-32,6,pN5GknduFnqFnR070zCOcv5VXE4=,XL++BAElqu/WybXZjHuKwkppfj0=
-17,3,3sxHx8NCEvK9+GGRwiTXTpp0IVY=,XL++BAElqu/WybXZjHuKwkppfj0=
-18,4,3sxHx8NCEvK9+GGRwiTXTpp0IVY=,XL++BAElqu/WybXZjHuKwkppfj0=
-18,5,3sxHx8NCEvK9+GGRwiTXTpp0IVY=,XL++BAElqu/WybXZjHuKwkppfj0=
-17,6,3sxHx8NCEvK9+GGRwiTXTpp0IVY=,XL++BAElqu/WybXZjHuKwkppfj0=
-18,6,3sxHx8NCEvK9+GGRwiTXTpp0IVY=,XL++BAElqu/WybXZjHuKwkppfj0=
-17,7,3sxHx8NCEvK9+GGRwiTXTpp0IVY=,XL++BAElqu/WybXZjHuKwkppfj0=
-18,9,3sxHx8NCEvK9+GGRwiTXTpp0IVY=,XL++BAElqu/WybXZjHuKwkppfj0=
-18,8,3sxHx8NCEvK9+GGRwiTXTpp0IVY=,XL++BAElqu/WybXZjHuKwkppfj0=
-17,4,3sxHx8NCEvK9+GGRwiTXTpp0IVY=,XL++BAElqu/WybXZjHuKwkppfj0=
-17,9,3sxHx8NCEvK9+GGRwiTXTpp0IVY=,XL++BAElqu/WybXZjHuKwkppfj0=
-18,7,3sxHx8NCEvK9+GGRwiTXTpp0IVY=,XL++BAElqu/WybXZjHuKwkppfj0=
-17,5,3sxHx8NCEvK9+GGRwiTXTpp0IVY=,XL++BAElqu/WybXZjHuKwkppfj0=
-17,8,3sxHx8NCEvK9+GGRwiTXTpp0IVY=,XL++BAElqu/WybXZjHuKwkppfj0=
-28,15,SSqBVqP/3IdvYQcmBWk76RBQ6gw=,yjnN5AOL8ME8/9656JD0R95tNuM=
-26,15,SSqBVqP/3IdvYQcmBWk76RBQ6gw=,yjnN5AOL8ME8/9656JD0R95tNuM=
-27,15,SSqBVqP/3IdvYQcmBWk76RBQ6gw=,yjnN5AOL8ME8/9656JD0R95tNuM=
-19,0,SSqBVqP/3IdvYQcmBWk76RBQ6gw=,XL++BAElqu/WybXZjHuKwkppfj0=
-29,15,SSqBVqP/3IdvYQcmBWk76RBQ6gw=,nyeRefqTJVVjeK1ei6OqXYJS6Ks=
-18,0,SSqBVqP/3IdvYQcmBWk76RBQ6gw=,XL++BAElqu/WybXZjHuKwkppfj0=
-23,0,SSqBVqP/3IdvYQcmBWk76RBQ6gw=,XL++BAElqu/WybXZjHuKwkppfj0=
-20,0,SSqBVqP/3IdvYQcmBWk76RBQ6gw=,XL++BAElqu/WybXZjHuKwkppfj0=
-22,0,SSqBVqP/3IdvYQcmBWk76RBQ6gw=,XL++BAElqu/WybXZjHuKwkppfj0=
-21,0,SSqBVqP/3IdvYQcmBWk76RBQ6gw=,XL++BAElqu/WybXZjHuKwkppfj0=
-28,0,SSqBVqP/3IdvYQcmBWk76RBQ6gw=,XL++BAElqu/WybXZjHuKwkppfj0=
-24,0,SSqBVqP/3IdvYQcmBWk76RBQ6gw=,XL++BAElqu/WybXZjHuKwkppfj0=
-29,0,SSqBVqP/3IdvYQcmBWk76RBQ6gw=,XL++BAElqu/WybXZjHuKwkppfj0=
-27,0,SSqBVqP/3IdvYQcmBWk76RBQ6gw=,XL++BAElqu/WybXZjHuKwkppfj0=
-26,0,SSqBVqP/3IdvYQcmBWk76RBQ6gw=,XL++BAElqu/WybXZjHuKwkppfj0=
-25,0,SSqBVqP/3IdvYQcmBWk76RBQ6gw=,XL++BAElqu/WybXZjHuKwkppfj0=
-17,0,SSqBVqP/3IdvYQcmBWk76RBQ6gw=,XL++BAElqu/WybXZjHuKwkppfj0=
-32,0,SSqBVqP/3IdvYQcmBWk76RBQ6gw=,XL++BAElqu/WybXZjHuKwkppfj0=
-32,15,SSqBVqP/3IdvYQcmBWk76RBQ6gw=,nyeRefqTJVVjeK1ei6OqXYJS6Ks=
-24,15,SSqBVqP/3IdvYQcmBWk76RBQ6gw=,LLypieioPoGQ2fJJBfZRPBCBEnI=
-25,15,SSqBVqP/3IdvYQcmBWk76RBQ6gw=,yjnN5AOL8ME8/9656JD0R95tNuM=
-23,15,SSqBVqP/3IdvYQcmBWk76RBQ6gw=,LLypieioPoGQ2fJJBfZRPBCBEnI=
-22,15,c+wYsGejCjOdcGwacfdYgwia1NQ=,LLypieioPoGQ2fJJBfZRPBCBEnI=
-21,14,c+wYsGejCjOdcGwacfdYgwia1NQ=,LLypieioPoGQ2fJJBfZRPBCBEnI=
-21,15,c+wYsGejCjOdcGwacfdYgwia1NQ=,LLypieioPoGQ2fJJBfZRPBCBEnI=
-17,15,c+wYsGejCjOdcGwacfdYgwia1NQ=,LLypieioPoGQ2fJJBfZRPBCBEnI=
-19,14,c+wYsGejCjOdcGwacfdYgwia1NQ=,LLypieioPoGQ2fJJBfZRPBCBEnI=
-18,14,c+wYsGejCjOdcGwacfdYgwia1NQ=,LLypieioPoGQ2fJJBfZRPBCBEnI=
-20,14,c+wYsGejCjOdcGwacfdYgwia1NQ=,LLypieioPoGQ2fJJBfZRPBCBEnI=
-18,15,c+wYsGejCjOdcGwacfdYgwia1NQ=,LLypieioPoGQ2fJJBfZRPBCBEnI=
-20,15,c+wYsGejCjOdcGwacfdYgwia1NQ=,LLypieioPoGQ2fJJBfZRPBCBEnI=
-19,15,c+wYsGejCjOdcGwacfdYgwia1NQ=,LLypieioPoGQ2fJJBfZRPBCBEnI=
-17,14,c+wYsGejCjOdcGwacfdYgwia1NQ=,LLypieioPoGQ2fJJBfZRPBCBEnI=
-30,21,kA8m1shSvoIO2YBmfA4sJ5Od3o0=,LLypieioPoGQ2fJJBfZRPBCBEnI=
-31,22,kA8m1shSvoIO2YBmfA4sJ5Od3o0=,LLypieioPoGQ2fJJBfZRPBCBEnI=
-31,21,kA8m1shSvoIO2YBmfA4sJ5Od3o0=,LLypieioPoGQ2fJJBfZRPBCBEnI=
-30,22,kA8m1shSvoIO2YBmfA4sJ5Od3o0=,LLypieioPoGQ2fJJBfZRPBCBEnI=
-29,22,deG9mIWz+igwRDaR3Df8OdeaKBw=,LLypieioPoGQ2fJJBfZRPBCBEnI=
-29,21,deG9mIWz+igwRDaR3Df8OdeaKBw=,LLypieioPoGQ2fJJBfZRPBCBEnI=
-28,22,deG9mIWz+igwRDaR3Df8OdeaKBw=,LLypieioPoGQ2fJJBfZRPBCBEnI=
-28,21,deG9mIWz+igwRDaR3Df8OdeaKBw=,LLypieioPoGQ2fJJBfZRPBCBEnI=
-24,19,deG9mIWz+igwRDaR3Df8OdeaKBw=,LLypieioPoGQ2fJJBfZRPBCBEnI=
-25,19,deG9mIWz+igwRDaR3Df8OdeaKBw=,LLypieioPoGQ2fJJBfZRPBCBEnI=
-24,20,deG9mIWz+igwRDaR3Df8OdeaKBw=,LLypieioPoGQ2fJJBfZRPBCBEnI=
-25,18,deG9mIWz+igwRDaR3Df8OdeaKBw=,LLypieioPoGQ2fJJBfZRPBCBEnI=
-23,20,deG9mIWz+igwRDaR3Df8OdeaKBw=,LLypieioPoGQ2fJJBfZRPBCBEnI=
-25,20,deG9mIWz+igwRDaR3Df8OdeaKBw=,LLypieioPoGQ2fJJBfZRPBCBEnI=
-24,18,deG9mIWz+igwRDaR3Df8OdeaKBw=,LLypieioPoGQ2fJJBfZRPBCBEnI=
-26,19,deG9mIWz+igwRDaR3Df8OdeaKBw=,LLypieioPoGQ2fJJBfZRPBCBEnI=
-26,18,deG9mIWz+igwRDaR3Df8OdeaKBw=,LLypieioPoGQ2fJJBfZRPBCBEnI=
-23,18,deG9mIWz+igwRDaR3Df8OdeaKBw=,LLypieioPoGQ2fJJBfZRPBCBEnI=
-25,21,deG9mIWz+igwRDaR3Df8OdeaKBw=,LLypieioPoGQ2fJJBfZRPBCBEnI=
-26,20,deG9mIWz+igwRDaR3Df8OdeaKBw=,LLypieioPoGQ2fJJBfZRPBCBEnI=
-26,21,deG9mIWz+igwRDaR3Df8OdeaKBw=,LLypieioPoGQ2fJJBfZRPBCBEnI=
-24,21,deG9mIWz+igwRDaR3Df8OdeaKBw=,LLypieioPoGQ2fJJBfZRPBCBEnI=
-23,19,deG9mIWz+igwRDaR3Df8OdeaKBw=,LLypieioPoGQ2fJJBfZRPBCBEnI=
-23,21,deG9mIWz+igwRDaR3Df8OdeaKBw=,LLypieioPoGQ2fJJBfZRPBCBEnI=
-23,30,hSU2QwpjqyeeY2DY/6E8cs6la2Y=,LLypieioPoGQ2fJJBfZRPBCBEnI=
-22,29,hSU2QwpjqyeeY2DY/6E8cs6la2Y=,LLypieioPoGQ2fJJBfZRPBCBEnI=
-22,30,hSU2QwpjqyeeY2DY/6E8cs6la2Y=,LLypieioPoGQ2fJJBfZRPBCBEnI=
-25,25,PEtibFzP9N8S+pxz/cQzRXZuY04=,LLypieioPoGQ2fJJBfZRPBCBEnI=
-25,24,PEtibFzP9N8S+pxz/cQzRXZuY04=,LLypieioPoGQ2fJJBfZRPBCBEnI=
-24,23,PEtibFzP9N8S+pxz/cQzRXZuY04=,LLypieioPoGQ2fJJBfZRPBCBEnI=
-25,23,PEtibFzP9N8S+pxz/cQzRXZuY04=,LLypieioPoGQ2fJJBfZRPBCBEnI=
-26,23,PEtibFzP9N8S+pxz/cQzRXZuY04=,LLypieioPoGQ2fJJBfZRPBCBEnI=
-26,22,PEtibFzP9N8S+pxz/cQzRXZuY04=,LLypieioPoGQ2fJJBfZRPBCBEnI=
-24,22,PEtibFzP9N8S+pxz/cQzRXZuY04=,LLypieioPoGQ2fJJBfZRPBCBEnI=
-25,22,PEtibFzP9N8S+pxz/cQzRXZuY04=,LLypieioPoGQ2fJJBfZRPBCBEnI=
-23,22,PEtibFzP9N8S+pxz/cQzRXZuY04=,LLypieioPoGQ2fJJBfZRPBCBEnI=
-26,24,PEtibFzP9N8S+pxz/cQzRXZuY04=,LLypieioPoGQ2fJJBfZRPBCBEnI=
-23,24,PEtibFzP9N8S+pxz/cQzRXZuY04=,LLypieioPoGQ2fJJBfZRPBCBEnI=
-23,23,PEtibFzP9N8S+pxz/cQzRXZuY04=,LLypieioPoGQ2fJJBfZRPBCBEnI=
-23,25,PEtibFzP9N8S+pxz/cQzRXZuY04=,LLypieioPoGQ2fJJBfZRPBCBEnI=
-26,25,PEtibFzP9N8S+pxz/cQzRXZuY04=,LLypieioPoGQ2fJJBfZRPBCBEnI=
-24,24,PEtibFzP9N8S+pxz/cQzRXZuY04=,LLypieioPoGQ2fJJBfZRPBCBEnI=
-24,25,PEtibFzP9N8S+pxz/cQzRXZuY04=,LLypieioPoGQ2fJJBfZRPBCBEnI=
-23,29,PEtibFzP9N8S+pxz/cQzRXZuY04=,LLypieioPoGQ2fJJBfZRPBCBEnI=
-23,28,PEtibFzP9N8S+pxz/cQzRXZuY04=,LLypieioPoGQ2fJJBfZRPBCBEnI=
-24,29,PEtibFzP9N8S+pxz/cQzRXZuY04=,LLypieioPoGQ2fJJBfZRPBCBEnI=
-23,26,PEtibFzP9N8S+pxz/cQzRXZuY04=,LLypieioPoGQ2fJJBfZRPBCBEnI=
-24,28,PEtibFzP9N8S+pxz/cQzRXZuY04=,LLypieioPoGQ2fJJBfZRPBCBEnI=
-25,29,PEtibFzP9N8S+pxz/cQzRXZuY04=,LLypieioPoGQ2fJJBfZRPBCBEnI=
-23,27,PEtibFzP9N8S+pxz/cQzRXZuY04=,LLypieioPoGQ2fJJBfZRPBCBEnI=
-24,26,PEtibFzP9N8S+pxz/cQzRXZuY04=,LLypieioPoGQ2fJJBfZRPBCBEnI=
-26,29,PEtibFzP9N8S+pxz/cQzRXZuY04=,LLypieioPoGQ2fJJBfZRPBCBEnI=
-24,27,PEtibFzP9N8S+pxz/cQzRXZuY04=,LLypieioPoGQ2fJJBfZRPBCBEnI=
-25,26,PEtibFzP9N8S+pxz/cQzRXZuY04=,LLypieioPoGQ2fJJBfZRPBCBEnI=
-26,26,PEtibFzP9N8S+pxz/cQzRXZuY04=,LLypieioPoGQ2fJJBfZRPBCBEnI=
-25,27,PEtibFzP9N8S+pxz/cQzRXZuY04=,LLypieioPoGQ2fJJBfZRPBCBEnI=
-26,27,PEtibFzP9N8S+pxz/cQzRXZuY04=,LLypieioPoGQ2fJJBfZRPBCBEnI=
-25,28,PEtibFzP9N8S+pxz/cQzRXZuY04=,LLypieioPoGQ2fJJBfZRPBCBEnI=
-31,25,PEtibFzP9N8S+pxz/cQzRXZuY04=,LLypieioPoGQ2fJJBfZRPBCBEnI=
-28,24,PEtibFzP9N8S+pxz/cQzRXZuY04=,LLypieioPoGQ2fJJBfZRPBCBEnI=
-28,23,PEtibFzP9N8S+pxz/cQzRXZuY04=,LLypieioPoGQ2fJJBfZRPBCBEnI=
-30,25,PEtibFzP9N8S+pxz/cQzRXZuY04=,LLypieioPoGQ2fJJBfZRPBCBEnI=
-28,25,PEtibFzP9N8S+pxz/cQzRXZuY04=,LLypieioPoGQ2fJJBfZRPBCBEnI=
-31,24,PEtibFzP9N8S+pxz/cQzRXZuY04=,LLypieioPoGQ2fJJBfZRPBCBEnI=
-30,24,PEtibFzP9N8S+pxz/cQzRXZuY04=,LLypieioPoGQ2fJJBfZRPBCBEnI=
-29,25,PEtibFzP9N8S+pxz/cQzRXZuY04=,LLypieioPoGQ2fJJBfZRPBCBEnI=
-31,23,PEtibFzP9N8S+pxz/cQzRXZuY04=,LLypieioPoGQ2fJJBfZRPBCBEnI=
-29,23,PEtibFzP9N8S+pxz/cQzRXZuY04=,LLypieioPoGQ2fJJBfZRPBCBEnI=
-30,23,PEtibFzP9N8S+pxz/cQzRXZuY04=,LLypieioPoGQ2fJJBfZRPBCBEnI=
-29,24,PEtibFzP9N8S+pxz/cQzRXZuY04=,LLypieioPoGQ2fJJBfZRPBCBEnI=
-32,26,PEtibFzP9N8S+pxz/cQzRXZuY04=,LLypieioPoGQ2fJJBfZRPBCBEnI=
-32,25,PEtibFzP9N8S+pxz/cQzRXZuY04=,LLypieioPoGQ2fJJBfZRPBCBEnI=
-30,26,PEtibFzP9N8S+pxz/cQzRXZuY04=,LLypieioPoGQ2fJJBfZRPBCBEnI=
-31,26,PEtibFzP9N8S+pxz/cQzRXZuY04=,LLypieioPoGQ2fJJBfZRPBCBEnI=
-32,23,PEtibFzP9N8S+pxz/cQzRXZuY04=,LLypieioPoGQ2fJJBfZRPBCBEnI=
-32,22,PEtibFzP9N8S+pxz/cQzRXZuY04=,LLypieioPoGQ2fJJBfZRPBCBEnI=
-32,24,PEtibFzP9N8S+pxz/cQzRXZuY04=,LLypieioPoGQ2fJJBfZRPBCBEnI=
-23,31,PEtibFzP9N8S+pxz/cQzRXZuY04=,LLypieioPoGQ2fJJBfZRPBCBEnI=
-32,21,PEtibFzP9N8S+pxz/cQzRXZuY04=,LLypieioPoGQ2fJJBfZRPBCBEnI=
-22,31,PEtibFzP9N8S+pxz/cQzRXZuY04=,LLypieioPoGQ2fJJBfZRPBCBEnI=
-21,30,PEtibFzP9N8S+pxz/cQzRXZuY04=,LLypieioPoGQ2fJJBfZRPBCBEnI=
-21,29,PEtibFzP9N8S+pxz/cQzRXZuY04=,LLypieioPoGQ2fJJBfZRPBCBEnI=
-27,25,PEtibFzP9N8S+pxz/cQzRXZuY04=,LLypieioPoGQ2fJJBfZRPBCBEnI=
-27,24,PEtibFzP9N8S+pxz/cQzRXZuY04=,LLypieioPoGQ2fJJBfZRPBCBEnI=
-27,22,PEtibFzP9N8S+pxz/cQzRXZuY04=,LLypieioPoGQ2fJJBfZRPBCBEnI=
-27,23,PEtibFzP9N8S+pxz/cQzRXZuY04=,LLypieioPoGQ2fJJBfZRPBCBEnI=
-26,28,PEtibFzP9N8S+pxz/cQzRXZuY04=,LLypieioPoGQ2fJJBfZRPBCBEnI=
-24,31,64VYHwOtPHq9Qmp35lo5cIqchtk=,LLypieioPoGQ2fJJBfZRPBCBEnI=
-24,30,64VYHwOtPHq9Qmp35lo5cIqchtk=,LLypieioPoGQ2fJJBfZRPBCBEnI=
-25,31,64VYHwOtPHq9Qmp35lo5cIqchtk=,LLypieioPoGQ2fJJBfZRPBCBEnI=
-25,30,64VYHwOtPHq9Qmp35lo5cIqchtk=,LLypieioPoGQ2fJJBfZRPBCBEnI=
-26,31,64VYHwOtPHq9Qmp35lo5cIqchtk=,LLypieioPoGQ2fJJBfZRPBCBEnI=
-26,30,64VYHwOtPHq9Qmp35lo5cIqchtk=,LLypieioPoGQ2fJJBfZRPBCBEnI=
-21,28,DjEkUQwgMwlp53+88pSGiax4BVQ=,LLypieioPoGQ2fJJBfZRPBCBEnI=
-21,27,DjEkUQwgMwlp53+88pSGiax4BVQ=,LLypieioPoGQ2fJJBfZRPBCBEnI=
-21,25,DjEkUQwgMwlp53+88pSGiax4BVQ=,LLypieioPoGQ2fJJBfZRPBCBEnI=
-22,28,DjEkUQwgMwlp53+88pSGiax4BVQ=,LLypieioPoGQ2fJJBfZRPBCBEnI=
-21,26,DjEkUQwgMwlp53+88pSGiax4BVQ=,LLypieioPoGQ2fJJBfZRPBCBEnI=
-22,26,DjEkUQwgMwlp53+88pSGiax4BVQ=,LLypieioPoGQ2fJJBfZRPBCBEnI=
-22,27,DjEkUQwgMwlp53+88pSGiax4BVQ=,LLypieioPoGQ2fJJBfZRPBCBEnI=
-21,24,wNGSAUSHP6kDvyYQM9dyaSByKII=,LLypieioPoGQ2fJJBfZRPBCBEnI=
-18,22,wNGSAUSHP6kDvyYQM9dyaSByKII=,LLypieioPoGQ2fJJBfZRPBCBEnI=
-19,22,wNGSAUSHP6kDvyYQM9dyaSByKII=,LLypieioPoGQ2fJJBfZRPBCBEnI=
-20,22,wNGSAUSHP6kDvyYQM9dyaSByKII=,LLypieioPoGQ2fJJBfZRPBCBEnI=
-18,21,wNGSAUSHP6kDvyYQM9dyaSByKII=,LLypieioPoGQ2fJJBfZRPBCBEnI=
-21,23,wNGSAUSHP6kDvyYQM9dyaSByKII=,LLypieioPoGQ2fJJBfZRPBCBEnI=
-19,21,wNGSAUSHP6kDvyYQM9dyaSByKII=,LLypieioPoGQ2fJJBfZRPBCBEnI=
-18,23,wNGSAUSHP6kDvyYQM9dyaSByKII=,LLypieioPoGQ2fJJBfZRPBCBEnI=
-19,23,wNGSAUSHP6kDvyYQM9dyaSByKII=,LLypieioPoGQ2fJJBfZRPBCBEnI=
-20,23,wNGSAUSHP6kDvyYQM9dyaSByKII=,LLypieioPoGQ2fJJBfZRPBCBEnI=
-21,22,wNGSAUSHP6kDvyYQM9dyaSByKII=,LLypieioPoGQ2fJJBfZRPBCBEnI=
-22,23,wNGSAUSHP6kDvyYQM9dyaSByKII=,LLypieioPoGQ2fJJBfZRPBCBEnI=
-22,24,wNGSAUSHP6kDvyYQM9dyaSByKII=,LLypieioPoGQ2fJJBfZRPBCBEnI=
-22,25,wNGSAUSHP6kDvyYQM9dyaSByKII=,LLypieioPoGQ2fJJBfZRPBCBEnI=
-22,22,wNGSAUSHP6kDvyYQM9dyaSByKII=,LLypieioPoGQ2fJJBfZRPBCBEnI=
-17,22,rj13dOHyfegRuAoqV64He/leAEo=,LLypieioPoGQ2fJJBfZRPBCBEnI=
-17,21,rj13dOHyfegRuAoqV64He/leAEo=,LLypieioPoGQ2fJJBfZRPBCBEnI=
-32,28,rj13dOHyfegRuAoqV64He/leAEo=,LLypieioPoGQ2fJJBfZRPBCBEnI=
-32,29,rj13dOHyfegRuAoqV64He/leAEo=,LLypieioPoGQ2fJJBfZRPBCBEnI=
-29,26,rj13dOHyfegRuAoqV64He/leAEo=,LLypieioPoGQ2fJJBfZRPBCBEnI=
-28,26,rj13dOHyfegRuAoqV64He/leAEo=,LLypieioPoGQ2fJJBfZRPBCBEnI=
-29,29,rj13dOHyfegRuAoqV64He/leAEo=,LLypieioPoGQ2fJJBfZRPBCBEnI=
-28,27,rj13dOHyfegRuAoqV64He/leAEo=,LLypieioPoGQ2fJJBfZRPBCBEnI=
-31,28,rj13dOHyfegRuAoqV64He/leAEo=,LLypieioPoGQ2fJJBfZRPBCBEnI=
-27,27,rj13dOHyfegRuAoqV64He/leAEo=,LLypieioPoGQ2fJJBfZRPBCBEnI=
-32,31,rj13dOHyfegRuAoqV64He/leAEo=,LLypieioPoGQ2fJJBfZRPBCBEnI=
-29,28,rj13dOHyfegRuAoqV64He/leAEo=,LLypieioPoGQ2fJJBfZRPBCBEnI=
-28,30,rj13dOHyfegRuAoqV64He/leAEo=,LLypieioPoGQ2fJJBfZRPBCBEnI=
-28,31,rj13dOHyfegRuAoqV64He/leAEo=,LLypieioPoGQ2fJJBfZRPBCBEnI=
-29,31,rj13dOHyfegRuAoqV64He/leAEo=,LLypieioPoGQ2fJJBfZRPBCBEnI=
-29,30,rj13dOHyfegRuAoqV64He/leAEo=,LLypieioPoGQ2fJJBfZRPBCBEnI=
-28,29,rj13dOHyfegRuAoqV64He/leAEo=,LLypieioPoGQ2fJJBfZRPBCBEnI=
-31,27,rj13dOHyfegRuAoqV64He/leAEo=,LLypieioPoGQ2fJJBfZRPBCBEnI=
-32,27,rj13dOHyfegRuAoqV64He/leAEo=,LLypieioPoGQ2fJJBfZRPBCBEnI=
-31,29,rj13dOHyfegRuAoqV64He/leAEo=,LLypieioPoGQ2fJJBfZRPBCBEnI=
-30,27,rj13dOHyfegRuAoqV64He/leAEo=,LLypieioPoGQ2fJJBfZRPBCBEnI=
-29,27,rj13dOHyfegRuAoqV64He/leAEo=,LLypieioPoGQ2fJJBfZRPBCBEnI=
-30,30,rj13dOHyfegRuAoqV64He/leAEo=,LLypieioPoGQ2fJJBfZRPBCBEnI=
-30,28,rj13dOHyfegRuAoqV64He/leAEo=,LLypieioPoGQ2fJJBfZRPBCBEnI=
-27,26,rj13dOHyfegRuAoqV64He/leAEo=,LLypieioPoGQ2fJJBfZRPBCBEnI=
-31,31,rj13dOHyfegRuAoqV64He/leAEo=,LLypieioPoGQ2fJJBfZRPBCBEnI=
-28,28,rj13dOHyfegRuAoqV64He/leAEo=,LLypieioPoGQ2fJJBfZRPBCBEnI=
-30,31,rj13dOHyfegRuAoqV64He/leAEo=,LLypieioPoGQ2fJJBfZRPBCBEnI=
-30,29,rj13dOHyfegRuAoqV64He/leAEo=,LLypieioPoGQ2fJJBfZRPBCBEnI=
-32,30,rj13dOHyfegRuAoqV64He/leAEo=,LLypieioPoGQ2fJJBfZRPBCBEnI=
-27,31,rj13dOHyfegRuAoqV64He/leAEo=,LLypieioPoGQ2fJJBfZRPBCBEnI=
-27,29,rj13dOHyfegRuAoqV64He/leAEo=,LLypieioPoGQ2fJJBfZRPBCBEnI=
-27,30,rj13dOHyfegRuAoqV64He/leAEo=,LLypieioPoGQ2fJJBfZRPBCBEnI=
-27,28,rj13dOHyfegRuAoqV64He/leAEo=,LLypieioPoGQ2fJJBfZRPBCBEnI=
-31,30,rj13dOHyfegRuAoqV64He/leAEo=,LLypieioPoGQ2fJJBfZRPBCBEnI=
-27,16,rj13dOHyfegRuAoqV64He/leAEo=,LLypieioPoGQ2fJJBfZRPBCBEnI=
-26,16,rj13dOHyfegRuAoqV64He/leAEo=,LLypieioPoGQ2fJJBfZRPBCBEnI=
-28,18,Q58oRwvv3NsU2ER0eeFUze5hAfg=,LLypieioPoGQ2fJJBfZRPBCBEnI=
-31,17,Q58oRwvv3NsU2ER0eeFUze5hAfg=,LLypieioPoGQ2fJJBfZRPBCBEnI=
-31,19,Q58oRwvv3NsU2ER0eeFUze5hAfg=,LLypieioPoGQ2fJJBfZRPBCBEnI=
-29,20,Q58oRwvv3NsU2ER0eeFUze5hAfg=,LLypieioPoGQ2fJJBfZRPBCBEnI=
-29,18,Q58oRwvv3NsU2ER0eeFUze5hAfg=,LLypieioPoGQ2fJJBfZRPBCBEnI=
-30,20,Q58oRwvv3NsU2ER0eeFUze5hAfg=,LLypieioPoGQ2fJJBfZRPBCBEnI=
-31,20,Q58oRwvv3NsU2ER0eeFUze5hAfg=,LLypieioPoGQ2fJJBfZRPBCBEnI=
-30,18,Q58oRwvv3NsU2ER0eeFUze5hAfg=,LLypieioPoGQ2fJJBfZRPBCBEnI=
-28,19,Q58oRwvv3NsU2ER0eeFUze5hAfg=,LLypieioPoGQ2fJJBfZRPBCBEnI=
-30,17,Q58oRwvv3NsU2ER0eeFUze5hAfg=,LLypieioPoGQ2fJJBfZRPBCBEnI=
-29,17,Q58oRwvv3NsU2ER0eeFUze5hAfg=,LLypieioPoGQ2fJJBfZRPBCBEnI=
-30,19,Q58oRwvv3NsU2ER0eeFUze5hAfg=,LLypieioPoGQ2fJJBfZRPBCBEnI=
-29,19,Q58oRwvv3NsU2ER0eeFUze5hAfg=,LLypieioPoGQ2fJJBfZRPBCBEnI=
-31,18,Q58oRwvv3NsU2ER0eeFUze5hAfg=,LLypieioPoGQ2fJJBfZRPBCBEnI=
-27,18,Q58oRwvv3NsU2ER0eeFUze5hAfg=,LLypieioPoGQ2fJJBfZRPBCBEnI=
-28,17,Q58oRwvv3NsU2ER0eeFUze5hAfg=,LLypieioPoGQ2fJJBfZRPBCBEnI=
-28,20,Q58oRwvv3NsU2ER0eeFUze5hAfg=,LLypieioPoGQ2fJJBfZRPBCBEnI=
-32,18,Q58oRwvv3NsU2ER0eeFUze5hAfg=,LLypieioPoGQ2fJJBfZRPBCBEnI=
-32,20,Q58oRwvv3NsU2ER0eeFUze5hAfg=,LLypieioPoGQ2fJJBfZRPBCBEnI=
-32,17,Q58oRwvv3NsU2ER0eeFUze5hAfg=,LLypieioPoGQ2fJJBfZRPBCBEnI=
-32,19,Q58oRwvv3NsU2ER0eeFUze5hAfg=,LLypieioPoGQ2fJJBfZRPBCBEnI=
-27,21,Q58oRwvv3NsU2ER0eeFUze5hAfg=,LLypieioPoGQ2fJJBfZRPBCBEnI=
-27,20,Q58oRwvv3NsU2ER0eeFUze5hAfg=,LLypieioPoGQ2fJJBfZRPBCBEnI=
-27,19,Q58oRwvv3NsU2ER0eeFUze5hAfg=,LLypieioPoGQ2fJJBfZRPBCBEnI=
-24,16,q2z1S5U+vx4Fw1lY/F00GH+fb78=,LLypieioPoGQ2fJJBfZRPBCBEnI=
-25,16,q2z1S5U+vx4Fw1lY/F00GH+fb78=,LLypieioPoGQ2fJJBfZRPBCBEnI=
-17,23,q2z1S5U+vx4Fw1lY/F00GH+fb78=,LLypieioPoGQ2fJJBfZRPBCBEnI=
-21,31,q2z1S5U+vx4Fw1lY/F00GH+fb78=,LLypieioPoGQ2fJJBfZRPBCBEnI=
-30,16,q2z1S5U+vx4Fw1lY/F00GH+fb78=,LLypieioPoGQ2fJJBfZRPBCBEnI=
-28,16,q2z1S5U+vx4Fw1lY/F00GH+fb78=,LLypieioPoGQ2fJJBfZRPBCBEnI=
-31,16,q2z1S5U+vx4Fw1lY/F00GH+fb78=,LLypieioPoGQ2fJJBfZRPBCBEnI=
-29,16,q2z1S5U+vx4Fw1lY/F00GH+fb78=,LLypieioPoGQ2fJJBfZRPBCBEnI=
-32,16,q2z1S5U+vx4Fw1lY/F00GH+fb78=,LLypieioPoGQ2fJJBfZRPBCBEnI=
-27,17,q2z1S5U+vx4Fw1lY/F00GH+fb78=,LLypieioPoGQ2fJJBfZRPBCBEnI=
-23,16,q2z1S5U+vx4Fw1lY/F00GH+fb78=,LLypieioPoGQ2fJJBfZRPBCBEnI=
-24,17,q2z1S5U+vx4Fw1lY/F00GH+fb78=,LLypieioPoGQ2fJJBfZRPBCBEnI=
-25,17,q2z1S5U+vx4Fw1lY/F00GH+fb78=,LLypieioPoGQ2fJJBfZRPBCBEnI=
-26,17,q2z1S5U+vx4Fw1lY/F00GH+fb78=,LLypieioPoGQ2fJJBfZRPBCBEnI=
-23,17,q2z1S5U+vx4Fw1lY/F00GH+fb78=,LLypieioPoGQ2fJJBfZRPBCBEnI=
-21,16,q2z1S5U+vx4Fw1lY/F00GH+fb78=,LLypieioPoGQ2fJJBfZRPBCBEnI=
-21,20,q2z1S5U+vx4Fw1lY/F00GH+fb78=,LLypieioPoGQ2fJJBfZRPBCBEnI=
-21,18,q2z1S5U+vx4Fw1lY/F00GH+fb78=,LLypieioPoGQ2fJJBfZRPBCBEnI=
-21,19,q2z1S5U+vx4Fw1lY/F00GH+fb78=,LLypieioPoGQ2fJJBfZRPBCBEnI=
-21,17,q2z1S5U+vx4Fw1lY/F00GH+fb78=,LLypieioPoGQ2fJJBfZRPBCBEnI=
-20,19,q2z1S5U+vx4Fw1lY/F00GH+fb78=,LLypieioPoGQ2fJJBfZRPBCBEnI=
-19,18,q2z1S5U+vx4Fw1lY/F00GH+fb78=,LLypieioPoGQ2fJJBfZRPBCBEnI=
-22,21,q2z1S5U+vx4Fw1lY/F00GH+fb78=,LLypieioPoGQ2fJJBfZRPBCBEnI=
-22,18,q2z1S5U+vx4Fw1lY/F00GH+fb78=,LLypieioPoGQ2fJJBfZRPBCBEnI=
-22,17,q2z1S5U+vx4Fw1lY/F00GH+fb78=,LLypieioPoGQ2fJJBfZRPBCBEnI=
-18,20,q2z1S5U+vx4Fw1lY/F00GH+fb78=,LLypieioPoGQ2fJJBfZRPBCBEnI=
-20,18,q2z1S5U+vx4Fw1lY/F00GH+fb78=,LLypieioPoGQ2fJJBfZRPBCBEnI=
-22,20,q2z1S5U+vx4Fw1lY/F00GH+fb78=,LLypieioPoGQ2fJJBfZRPBCBEnI=
-22,19,q2z1S5U+vx4Fw1lY/F00GH+fb78=,LLypieioPoGQ2fJJBfZRPBCBEnI=
-17,20,q2z1S5U+vx4Fw1lY/F00GH+fb78=,LLypieioPoGQ2fJJBfZRPBCBEnI=
-22,16,q2z1S5U+vx4Fw1lY/F00GH+fb78=,LLypieioPoGQ2fJJBfZRPBCBEnI=
-17,19,q2z1S5U+vx4Fw1lY/F00GH+fb78=,LLypieioPoGQ2fJJBfZRPBCBEnI=
-20,21,q2z1S5U+vx4Fw1lY/F00GH+fb78=,LLypieioPoGQ2fJJBfZRPBCBEnI=
-18,17,q2z1S5U+vx4Fw1lY/F00GH+fb78=,LLypieioPoGQ2fJJBfZRPBCBEnI=
-17,17,q2z1S5U+vx4Fw1lY/F00GH+fb78=,LLypieioPoGQ2fJJBfZRPBCBEnI=
-19,19,q2z1S5U+vx4Fw1lY/F00GH+fb78=,LLypieioPoGQ2fJJBfZRPBCBEnI=
-18,16,q2z1S5U+vx4Fw1lY/F00GH+fb78=,LLypieioPoGQ2fJJBfZRPBCBEnI=
-19,17,q2z1S5U+vx4Fw1lY/F00GH+fb78=,LLypieioPoGQ2fJJBfZRPBCBEnI=
-20,20,q2z1S5U+vx4Fw1lY/F00GH+fb78=,LLypieioPoGQ2fJJBfZRPBCBEnI=
-17,18,q2z1S5U+vx4Fw1lY/F00GH+fb78=,LLypieioPoGQ2fJJBfZRPBCBEnI=
-21,21,q2z1S5U+vx4Fw1lY/F00GH+fb78=,LLypieioPoGQ2fJJBfZRPBCBEnI=
-18,18,q2z1S5U+vx4Fw1lY/F00GH+fb78=,LLypieioPoGQ2fJJBfZRPBCBEnI=
-17,16,q2z1S5U+vx4Fw1lY/F00GH+fb78=,LLypieioPoGQ2fJJBfZRPBCBEnI=
-20,17,q2z1S5U+vx4Fw1lY/F00GH+fb78=,LLypieioPoGQ2fJJBfZRPBCBEnI=
-19,20,q2z1S5U+vx4Fw1lY/F00GH+fb78=,LLypieioPoGQ2fJJBfZRPBCBEnI=
-18,19,q2z1S5U+vx4Fw1lY/F00GH+fb78=,LLypieioPoGQ2fJJBfZRPBCBEnI=
-19,16,q2z1S5U+vx4Fw1lY/F00GH+fb78=,LLypieioPoGQ2fJJBfZRPBCBEnI=
-20,16,q2z1S5U+vx4Fw1lY/F00GH+fb78=,LLypieioPoGQ2fJJBfZRPBCBEnI=
-7,20,1NqikQaijlQ3/dFrIzpEuDsAwT8=,yjnN5AOL8ME8/9656JD0R95tNuM=
-6,19,1NqikQaijlQ3/dFrIzpEuDsAwT8=,XDoW0Gly5NyFkelIEti+fBMF7og=
-7,19,1NqikQaijlQ3/dFrIzpEuDsAwT8=,XDoW0Gly5NyFkelIEti+fBMF7og=
-6,20,1NqikQaijlQ3/dFrIzpEuDsAwT8=,yjnN5AOL8ME8/9656JD0R95tNuM=
-6,17,1NqikQaijlQ3/dFrIzpEuDsAwT8=,XDoW0Gly5NyFkelIEti+fBMF7og=
-6,18,1NqikQaijlQ3/dFrIzpEuDsAwT8=,XDoW0Gly5NyFkelIEti+fBMF7og=
-7,18,1NqikQaijlQ3/dFrIzpEuDsAwT8=,XDoW0Gly5NyFkelIEti+fBMF7og=
-1,24,B7b6P9c9vzu0sdEofKsF1l4tsn8=,517aSWNhXQQjC9pBaRpCwabbzWQ=
-7,17,fBKZuIC7VuwLa+HHGYy27hCNmRs=,XDoW0Gly5NyFkelIEti+fBMF7og=
